--
-- PostgreSQL database dump
--

\restrict 09R4jehvD3xDRdfkXI3Y4gji4nhRzDA6HAYtAbMHfWVjbu3YsWQZ9yfaUrsnlL8

-- Dumped from database version 17.7
-- Dumped by pg_dump version 17.7 (Ubuntu 17.7-3.pgdg22.04+1)

SET statement_timeout = 0;
SET lock_timeout = 0;
SET idle_in_transaction_session_timeout = 0;
SET transaction_timeout = 0;
SET client_encoding = 'UTF8';
SET standard_conforming_strings = on;
SELECT pg_catalog.set_config('search_path', '', false);
SET check_function_bodies = false;
SET xmloption = content;
SET client_min_messages = warning;
SET row_security = off;

ALTER TABLE IF EXISTS ONLY task.tasks DROP CONSTRAINT IF EXISTS fkqgwaiqxymudd3ega3in76ydsi;
ALTER TABLE IF EXISTS ONLY task.user_story_requirement_links DROP CONSTRAINT IF EXISTS fkmnaa7l7i1o951c1m6dyg33c2;
ALTER TABLE IF EXISTS ONLY task.user_stories DROP CONSTRAINT IF EXISTS fkhs7f69eg9suwnn7h81anvhutk;
ALTER TABLE IF EXISTS ONLY project.parts DROP CONSTRAINT IF EXISTS fkrjpcnvx0068nwbunx4uoaqd1m;
ALTER TABLE IF EXISTS ONLY project.phases DROP CONSTRAINT IF EXISTS fkp0vs31guyj5itugskrstnrm4y;
ALTER TABLE IF EXISTS ONLY project.part_members DROP CONSTRAINT IF EXISTS fkotdeupkma2mns1044mk6lv7do;
ALTER TABLE IF EXISTS ONLY project.kpis DROP CONSTRAINT IF EXISTS fknh1feih4rmq1l3scneefwlh66;
ALTER TABLE IF EXISTS ONLY project.requirement_task_links DROP CONSTRAINT IF EXISTS fkg70pc3ndm2g0dvqgpcub61ey5;
ALTER TABLE IF EXISTS ONLY project.education_histories DROP CONSTRAINT IF EXISTS fkffc3rfeufwg3lbole9n1ejcs8;
ALTER TABLE IF EXISTS ONLY project.project_members DROP CONSTRAINT IF EXISTS fkdki1sp2homqsdcvqm9yrix31g;
ALTER TABLE IF EXISTS ONLY project.deliverables DROP CONSTRAINT IF EXISTS fkcd22r03cehbp5p2jn2mkv34oh;
ALTER TABLE IF EXISTS ONLY project.requirements DROP CONSTRAINT IF EXISTS fkcauiebj13mq4kuavdv109ga66;
ALTER TABLE IF EXISTS ONLY project.meetings DROP CONSTRAINT IF EXISTS fkbt3vmcde0efob60esnfkyaeg0;
ALTER TABLE IF EXISTS ONLY project.backlog_items DROP CONSTRAINT IF EXISTS fkaxepsnspse4d7q4x73bk9kos2;
ALTER TABLE IF EXISTS ONLY project.backlog_items DROP CONSTRAINT IF EXISTS fkakluvqav0ismo22t6ryq1c33d;
ALTER TABLE IF EXISTS ONLY project.wbs_item_story_links DROP CONSTRAINT IF EXISTS fk_wis_link_wbs_item;
ALTER TABLE IF EXISTS ONLY project.wbs_tasks DROP CONSTRAINT IF EXISTS fk_wbs_task_phase;
ALTER TABLE IF EXISTS ONLY project.wbs_tasks DROP CONSTRAINT IF EXISTS fk_wbs_task_item;
ALTER TABLE IF EXISTS ONLY project.wbs_tasks DROP CONSTRAINT IF EXISTS fk_wbs_task_group;
ALTER TABLE IF EXISTS ONLY project.wbs_items DROP CONSTRAINT IF EXISTS fk_wbs_item_phase;
ALTER TABLE IF EXISTS ONLY project.wbs_items DROP CONSTRAINT IF EXISTS fk_wbs_item_group;
ALTER TABLE IF EXISTS ONLY project.wbs_groups DROP CONSTRAINT IF EXISTS fk_wbs_group_phase;
ALTER TABLE IF EXISTS ONLY project.wbs_groups DROP CONSTRAINT IF EXISTS fk_wbs_group_epic;
ALTER TABLE IF EXISTS ONLY project.features DROP CONSTRAINT IF EXISTS fk_feature_wbs_group;
ALTER TABLE IF EXISTS ONLY project.features DROP CONSTRAINT IF EXISTS fk_feature_epic;
ALTER TABLE IF EXISTS ONLY project.epics DROP CONSTRAINT IF EXISTS fk_epic_phase;
ALTER TABLE IF EXISTS ONLY project.backlog_items DROP CONSTRAINT IF EXISTS fk826yfnvgitrmim7317fis8wa0;
ALTER TABLE IF EXISTS ONLY project.phase_gates DROP CONSTRAINT IF EXISTS fk7uks9k66rxkyycybmcelu3qgy;
ALTER TABLE IF EXISTS ONLY project.education_sessions DROP CONSTRAINT IF EXISTS fk7mtfidgoh2o9fnk4wumui0idl;
ALTER TABLE IF EXISTS ONLY project.education_roadmaps DROP CONSTRAINT IF EXISTS fk5dq8ve03gtx7ngvgklmjhqfk0;
ALTER TABLE IF EXISTS ONLY project.issues DROP CONSTRAINT IF EXISTS fk4j2x3reshuu7qj5svh6eacnpt;
ALTER TABLE IF EXISTS ONLY chat.chat_messages DROP CONSTRAINT IF EXISTS fk3cpkdtwdxndrjhrx3gt9q5ux9;
ALTER TABLE IF EXISTS ONLY auth.role_permissions DROP CONSTRAINT IF EXISTS fkegdk29eiy7mdtefy5c7eirr6e;
DROP INDEX IF EXISTS task.idx_user_stories_wbs_item_id;
DROP INDEX IF EXISTS task.idx_user_stories_feature_id;
DROP INDEX IF EXISTS project.idx_wis_links_wbs_item_id;
DROP INDEX IF EXISTS project.idx_wis_links_story_id;
DROP INDEX IF EXISTS project.idx_wbs_tasks_status;
DROP INDEX IF EXISTS project.idx_wbs_tasks_phase_id;
DROP INDEX IF EXISTS project.idx_wbs_tasks_linked_task_id;
DROP INDEX IF EXISTS project.idx_wbs_tasks_item_id;
DROP INDEX IF EXISTS project.idx_wbs_tasks_group_id;
DROP INDEX IF EXISTS project.idx_wbs_tasks_assignee_id;
DROP INDEX IF EXISTS project.idx_wbs_items_status;
DROP INDEX IF EXISTS project.idx_wbs_items_phase_id;
DROP INDEX IF EXISTS project.idx_wbs_items_order;
DROP INDEX IF EXISTS project.idx_wbs_items_group_id;
DROP INDEX IF EXISTS project.idx_wbs_items_assignee_id;
DROP INDEX IF EXISTS project.idx_wbs_groups_status;
DROP INDEX IF EXISTS project.idx_wbs_groups_phase_id;
DROP INDEX IF EXISTS project.idx_wbs_groups_order;
DROP INDEX IF EXISTS project.idx_wbs_groups_linked_epic_id;
DROP INDEX IF EXISTS project.idx_features_wbs_group_id;
DROP INDEX IF EXISTS project.idx_features_status;
DROP INDEX IF EXISTS project.idx_features_priority;
DROP INDEX IF EXISTS project.idx_features_epic_id;
DROP INDEX IF EXISTS project.idx_epics_phase_id;
ALTER TABLE IF EXISTS ONLY task.weekly_reports DROP CONSTRAINT IF EXISTS weekly_reports_pkey;
ALTER TABLE IF EXISTS ONLY task.user_stories DROP CONSTRAINT IF EXISTS user_stories_pkey;
ALTER TABLE IF EXISTS ONLY task.tasks DROP CONSTRAINT IF EXISTS tasks_pkey;
ALTER TABLE IF EXISTS ONLY task.sprints DROP CONSTRAINT IF EXISTS sprints_pkey;
ALTER TABLE IF EXISTS ONLY task.kanban_columns DROP CONSTRAINT IF EXISTS kanban_columns_pkey;
ALTER TABLE IF EXISTS ONLY project.wbs_tasks DROP CONSTRAINT IF EXISTS wbs_tasks_pkey;
ALTER TABLE IF EXISTS ONLY project.wbs_items DROP CONSTRAINT IF EXISTS wbs_items_pkey;
ALTER TABLE IF EXISTS ONLY project.wbs_item_story_links DROP CONSTRAINT IF EXISTS wbs_item_story_links_pkey;
ALTER TABLE IF EXISTS ONLY project.wbs_groups DROP CONSTRAINT IF EXISTS wbs_groups_pkey;
ALTER TABLE IF EXISTS ONLY project.project_members DROP CONSTRAINT IF EXISTS ukaydweb1re2g5786xaugww4u0;
ALTER TABLE IF EXISTS ONLY project.wbs_item_story_links DROP CONSTRAINT IF EXISTS uk_wbs_item_story;
ALTER TABLE IF EXISTS ONLY project.wbs_groups DROP CONSTRAINT IF EXISTS uk_phase_wbs_group_code;
ALTER TABLE IF EXISTS ONLY project.outbox_events DROP CONSTRAINT IF EXISTS uk_ndatjktgs02jyasj8s7onvfsb;
ALTER TABLE IF EXISTS ONLY project.wbs_tasks DROP CONSTRAINT IF EXISTS uk_item_wbs_task_code;
ALTER TABLE IF EXISTS ONLY project.wbs_items DROP CONSTRAINT IF EXISTS uk_group_wbs_item_code;
ALTER TABLE IF EXISTS ONLY project.features DROP CONSTRAINT IF EXISTS uk_epic_feature_name;
ALTER TABLE IF EXISTS ONLY project.requirements DROP CONSTRAINT IF EXISTS uk_bbc2glmhm0nqq604k5a2miv8u;
ALTER TABLE IF EXISTS ONLY project.rfps DROP CONSTRAINT IF EXISTS rfps_pkey;
ALTER TABLE IF EXISTS ONLY project.requirements DROP CONSTRAINT IF EXISTS requirements_pkey;
ALTER TABLE IF EXISTS ONLY project.projects DROP CONSTRAINT IF EXISTS projects_pkey;
ALTER TABLE IF EXISTS ONLY project.project_members DROP CONSTRAINT IF EXISTS project_members_pkey;
ALTER TABLE IF EXISTS ONLY project.phases DROP CONSTRAINT IF EXISTS phases_pkey;
ALTER TABLE IF EXISTS ONLY project.phase_gates DROP CONSTRAINT IF EXISTS phase_gates_pkey;
ALTER TABLE IF EXISTS ONLY project.parts DROP CONSTRAINT IF EXISTS parts_pkey;
ALTER TABLE IF EXISTS ONLY project.outbox_events DROP CONSTRAINT IF EXISTS outbox_events_pkey;
ALTER TABLE IF EXISTS ONLY project.meetings DROP CONSTRAINT IF EXISTS meetings_pkey;
ALTER TABLE IF EXISTS ONLY project.kpis DROP CONSTRAINT IF EXISTS kpis_pkey;
ALTER TABLE IF EXISTS ONLY project.issues DROP CONSTRAINT IF EXISTS issues_pkey;
ALTER TABLE IF EXISTS ONLY project.features DROP CONSTRAINT IF EXISTS features_pkey;
ALTER TABLE IF EXISTS ONLY project.epics DROP CONSTRAINT IF EXISTS epics_pkey;
ALTER TABLE IF EXISTS ONLY project.educations DROP CONSTRAINT IF EXISTS educations_pkey;
ALTER TABLE IF EXISTS ONLY project.education_sessions DROP CONSTRAINT IF EXISTS education_sessions_pkey;
ALTER TABLE IF EXISTS ONLY project.education_roadmaps DROP CONSTRAINT IF EXISTS education_roadmaps_pkey;
ALTER TABLE IF EXISTS ONLY project.education_histories DROP CONSTRAINT IF EXISTS education_histories_pkey;
ALTER TABLE IF EXISTS ONLY project.deliverables DROP CONSTRAINT IF EXISTS deliverables_pkey;
ALTER TABLE IF EXISTS ONLY project.backlogs DROP CONSTRAINT IF EXISTS backlogs_pkey;
ALTER TABLE IF EXISTS ONLY project.backlog_items DROP CONSTRAINT IF EXISTS backlog_items_pkey;
ALTER TABLE IF EXISTS ONLY chat.chat_sessions DROP CONSTRAINT IF EXISTS chat_sessions_pkey;
ALTER TABLE IF EXISTS ONLY chat.chat_messages DROP CONSTRAINT IF EXISTS chat_messages_pkey;
ALTER TABLE IF EXISTS ONLY auth.users DROP CONSTRAINT IF EXISTS users_pkey;
ALTER TABLE IF EXISTS ONLY auth.role_permissions DROP CONSTRAINT IF EXISTS ukriljgn66b857jm4uffdqtcsmy;
ALTER TABLE IF EXISTS ONLY auth.users DROP CONSTRAINT IF EXISTS uk_6dotkott2kjsp8vw4d0m25fb7;
ALTER TABLE IF EXISTS ONLY auth.role_permissions DROP CONSTRAINT IF EXISTS role_permissions_pkey;
ALTER TABLE IF EXISTS ONLY auth.permissions DROP CONSTRAINT IF EXISTS permissions_pkey;
ALTER TABLE IF EXISTS ONLY admin.sync_history DROP CONSTRAINT IF EXISTS sync_history_pkey;
ALTER TABLE IF EXISTS ONLY admin.backup_history DROP CONSTRAINT IF EXISTS backup_history_pkey;
DROP TABLE IF EXISTS task.weekly_reports;
DROP TABLE IF EXISTS task.user_story_requirement_links;
DROP TABLE IF EXISTS task.user_stories;
DROP TABLE IF EXISTS task.tasks;
DROP TABLE IF EXISTS task.sprints;
DROP TABLE IF EXISTS task.kanban_columns;
DROP TABLE IF EXISTS project.wbs_tasks;
DROP TABLE IF EXISTS project.wbs_items;
DROP TABLE IF EXISTS project.wbs_item_story_links;
DROP TABLE IF EXISTS project.wbs_groups;
DROP TABLE IF EXISTS project.rfps;
DROP TABLE IF EXISTS project.requirements;
DROP TABLE IF EXISTS project.requirement_task_links;
DROP TABLE IF EXISTS project.projects;
DROP TABLE IF EXISTS project.project_members;
DROP TABLE IF EXISTS project.phases;
DROP TABLE IF EXISTS project.phase_gates;
DROP TABLE IF EXISTS project.parts;
DROP TABLE IF EXISTS project.part_members;
DROP TABLE IF EXISTS project.outbox_events;
DROP TABLE IF EXISTS project.meetings;
DROP TABLE IF EXISTS project.kpis;
DROP TABLE IF EXISTS project.issues;
DROP TABLE IF EXISTS project.features;
DROP TABLE IF EXISTS project.epics;
DROP TABLE IF EXISTS project.educations;
DROP TABLE IF EXISTS project.education_sessions;
DROP TABLE IF EXISTS project.education_roadmaps;
DROP TABLE IF EXISTS project.education_histories;
DROP TABLE IF EXISTS project.deliverables;
DROP TABLE IF EXISTS project.backlogs;
DROP TABLE IF EXISTS project.backlog_items;
DROP TABLE IF EXISTS chat.chat_sessions;
DROP TABLE IF EXISTS chat.chat_messages;
DROP TABLE IF EXISTS auth.users;
DROP TABLE IF EXISTS auth.role_permissions;
DROP TABLE IF EXISTS auth.permissions;
DROP TABLE IF EXISTS admin.sync_history;
DROP TABLE IF EXISTS admin.backup_history;
DROP EXTENSION IF EXISTS "uuid-ossp";
DROP EXTENSION IF EXISTS pg_trgm;
DROP SCHEMA IF EXISTS task;
DROP SCHEMA IF EXISTS risk;
DROP SCHEMA IF EXISTS report;
DROP SCHEMA IF EXISTS project;
DROP SCHEMA IF EXISTS chat;
DROP SCHEMA IF EXISTS auth;
DROP SCHEMA IF EXISTS admin;
--
-- Name: admin; Type: SCHEMA; Schema: -; Owner: pms_user
--

CREATE SCHEMA admin;


ALTER SCHEMA admin OWNER TO pms_user;

--
-- Name: auth; Type: SCHEMA; Schema: -; Owner: pms_user
--

CREATE SCHEMA auth;


ALTER SCHEMA auth OWNER TO pms_user;

--
-- Name: chat; Type: SCHEMA; Schema: -; Owner: pms_user
--

CREATE SCHEMA chat;


ALTER SCHEMA chat OWNER TO pms_user;

--
-- Name: project; Type: SCHEMA; Schema: -; Owner: pms_user
--

CREATE SCHEMA project;


ALTER SCHEMA project OWNER TO pms_user;

--
-- Name: report; Type: SCHEMA; Schema: -; Owner: pms_user
--

CREATE SCHEMA report;


ALTER SCHEMA report OWNER TO pms_user;

--
-- Name: risk; Type: SCHEMA; Schema: -; Owner: pms_user
--

CREATE SCHEMA risk;


ALTER SCHEMA risk OWNER TO pms_user;

--
-- Name: task; Type: SCHEMA; Schema: -; Owner: pms_user
--

CREATE SCHEMA task;


ALTER SCHEMA task OWNER TO pms_user;

--
-- Name: pg_trgm; Type: EXTENSION; Schema: -; Owner: -
--

CREATE EXTENSION IF NOT EXISTS pg_trgm WITH SCHEMA public;


--
-- Name: EXTENSION pg_trgm; Type: COMMENT; Schema: -; Owner: 
--

COMMENT ON EXTENSION pg_trgm IS 'text similarity measurement and index searching based on trigrams';


--
-- Name: uuid-ossp; Type: EXTENSION; Schema: -; Owner: -
--

CREATE EXTENSION IF NOT EXISTS "uuid-ossp" WITH SCHEMA public;


--
-- Name: EXTENSION "uuid-ossp"; Type: COMMENT; Schema: -; Owner: 
--

COMMENT ON EXTENSION "uuid-ossp" IS 'generate universally unique identifiers (UUIDs)';


SET default_tablespace = '';

SET default_table_access_method = heap;

--
-- Name: backup_history; Type: TABLE; Schema: admin; Owner: pms_user
--

CREATE TABLE admin.backup_history (
    id uuid DEFAULT gen_random_uuid() NOT NULL,
    backup_type character varying(20) NOT NULL,
    backup_name character varying(255) NOT NULL,
    file_path character varying(500) NOT NULL,
    file_size_bytes bigint,
    status character varying(20) DEFAULT 'IN_PROGRESS'::character varying NOT NULL,
    error_message text,
    created_by character varying(50) NOT NULL,
    duration_ms integer,
    started_at timestamp without time zone DEFAULT CURRENT_TIMESTAMP,
    completed_at timestamp without time zone,
    created_at timestamp without time zone DEFAULT CURRENT_TIMESTAMP
);


ALTER TABLE admin.backup_history OWNER TO pms_user;

--
-- Name: sync_history; Type: TABLE; Schema: admin; Owner: pms_user
--

CREATE TABLE admin.sync_history (
    id uuid DEFAULT gen_random_uuid() NOT NULL,
    sync_type character varying(20) NOT NULL,
    status character varying(20) DEFAULT 'IN_PROGRESS'::character varying NOT NULL,
    entities_synced jsonb,
    total_records_synced integer DEFAULT 0,
    total_records_failed integer DEFAULT 0,
    error_message text,
    triggered_by character varying(50) NOT NULL,
    duration_ms integer,
    started_at timestamp without time zone DEFAULT CURRENT_TIMESTAMP,
    completed_at timestamp without time zone,
    created_at timestamp without time zone DEFAULT CURRENT_TIMESTAMP
);


ALTER TABLE admin.sync_history OWNER TO pms_user;

--
-- Name: permissions; Type: TABLE; Schema: auth; Owner: pms_user
--

CREATE TABLE auth.permissions (
    id character varying(100) NOT NULL,
    created_at timestamp(6) without time zone NOT NULL,
    created_by character varying(255),
    updated_at timestamp(6) without time zone,
    updated_by character varying(255),
    action character varying(50),
    category character varying(50) NOT NULL,
    description text,
    name character varying(200) NOT NULL,
    resource character varying(100)
);


ALTER TABLE auth.permissions OWNER TO pms_user;

--
-- Name: role_permissions; Type: TABLE; Schema: auth; Owner: pms_user
--

CREATE TABLE auth.role_permissions (
    id character varying(50) NOT NULL,
    created_at timestamp(6) without time zone NOT NULL,
    created_by character varying(255),
    updated_at timestamp(6) without time zone,
    updated_by character varying(255),
    granted boolean NOT NULL,
    role character varying(50) NOT NULL,
    permission_id character varying(100) NOT NULL,
    CONSTRAINT role_permissions_role_check CHECK (((role)::text = ANY (ARRAY[('SPONSOR'::character varying)::text, ('PMO_HEAD'::character varying)::text, ('PM'::character varying)::text, ('DEVELOPER'::character varying)::text, ('QA'::character varying)::text, ('BUSINESS_ANALYST'::character varying)::text, ('AUDITOR'::character varying)::text, ('ADMIN'::character varying)::text])))
);


ALTER TABLE auth.role_permissions OWNER TO pms_user;

--
-- Name: users; Type: TABLE; Schema: auth; Owner: pms_user
--

CREATE TABLE auth.users (
    id character varying(50) NOT NULL,
    created_at timestamp(6) without time zone NOT NULL,
    created_by character varying(255),
    updated_at timestamp(6) without time zone,
    updated_by character varying(255),
    active boolean NOT NULL,
    department character varying(100),
    email character varying(100) NOT NULL,
    last_login_at timestamp(6) without time zone,
    name character varying(100) NOT NULL,
    password character varying(255) NOT NULL,
    role character varying(50) NOT NULL,
    CONSTRAINT users_role_check CHECK (((role)::text = ANY (ARRAY[('SPONSOR'::character varying)::text, ('PMO_HEAD'::character varying)::text, ('PM'::character varying)::text, ('DEVELOPER'::character varying)::text, ('QA'::character varying)::text, ('BUSINESS_ANALYST'::character varying)::text, ('AUDITOR'::character varying)::text, ('ADMIN'::character varying)::text])))
);


ALTER TABLE auth.users OWNER TO pms_user;

--
-- Name: chat_messages; Type: TABLE; Schema: chat; Owner: pms_user
--

CREATE TABLE chat.chat_messages (
    id character varying(50) NOT NULL,
    created_at timestamp(6) without time zone NOT NULL,
    created_by character varying(255),
    updated_at timestamp(6) without time zone,
    updated_by character varying(255),
    content text NOT NULL,
    role character varying(20) NOT NULL,
    session_id character varying(50) NOT NULL,
    CONSTRAINT chat_messages_role_check CHECK (((role)::text = ANY (ARRAY[('USER'::character varying)::text, ('ASSISTANT'::character varying)::text])))
);


ALTER TABLE chat.chat_messages OWNER TO pms_user;

--
-- Name: chat_sessions; Type: TABLE; Schema: chat; Owner: pms_user
--

CREATE TABLE chat.chat_sessions (
    id character varying(50) NOT NULL,
    created_at timestamp(6) without time zone NOT NULL,
    created_by character varying(255),
    updated_at timestamp(6) without time zone,
    updated_by character varying(255),
    active boolean NOT NULL,
    title character varying(200),
    user_id character varying(50) NOT NULL
);


ALTER TABLE chat.chat_sessions OWNER TO pms_user;

--
-- Name: backlog_items; Type: TABLE; Schema: project; Owner: pms_user
--

CREATE TABLE project.backlog_items (
    id character varying(36) NOT NULL,
    created_at timestamp(6) without time zone NOT NULL,
    created_by character varying(255),
    updated_at timestamp(6) without time zone,
    updated_by character varying(255),
    acceptance_criteria text,
    epic_id character varying(100),
    estimated_effort_hours integer,
    origin_type character varying(50) NOT NULL,
    priority_order integer NOT NULL,
    sprint_id character varying(50),
    status character varying(50),
    story_points integer,
    backlog_id character varying(36) NOT NULL,
    epic_id_ref character varying(36),
    requirement_id character varying(36),
    CONSTRAINT backlog_items_origin_type_check CHECK (((origin_type)::text = ANY (ARRAY[('REQUIREMENT'::character varying)::text, ('MANUAL'::character varying)::text]))),
    CONSTRAINT backlog_items_status_check CHECK (((status)::text = ANY (ARRAY[('BACKLOG'::character varying)::text, ('SELECTED'::character varying)::text, ('SPRINT'::character varying)::text, ('COMPLETED'::character varying)::text])))
);


ALTER TABLE project.backlog_items OWNER TO pms_user;

--
-- Name: backlogs; Type: TABLE; Schema: project; Owner: pms_user
--

CREATE TABLE project.backlogs (
    id character varying(36) NOT NULL,
    created_at timestamp(6) without time zone NOT NULL,
    created_by character varying(255),
    updated_at timestamp(6) without time zone,
    updated_by character varying(255),
    description text,
    name character varying(255),
    project_id character varying(36) NOT NULL,
    status character varying(50),
    CONSTRAINT backlogs_status_check CHECK (((status)::text = ANY (ARRAY[('ACTIVE'::character varying)::text, ('ARCHIVED'::character varying)::text])))
);


ALTER TABLE project.backlogs OWNER TO pms_user;

--
-- Name: deliverables; Type: TABLE; Schema: project; Owner: pms_user
--

CREATE TABLE project.deliverables (
    id character varying(50) NOT NULL,
    created_at timestamp(6) without time zone NOT NULL,
    created_by character varying(255),
    updated_at timestamp(6) without time zone,
    updated_by character varying(255),
    approved_at timestamp(6) without time zone,
    approver character varying(50),
    description text,
    file_name character varying(200),
    file_path character varying(500),
    file_size bigint,
    name character varying(200) NOT NULL,
    status character varying(50) NOT NULL,
    type character varying(50) NOT NULL,
    uploaded_by character varying(50),
    phase_id character varying(50) NOT NULL,
    CONSTRAINT deliverables_status_check CHECK (((status)::text = ANY (ARRAY[('PENDING'::character varying)::text, ('IN_REVIEW'::character varying)::text, ('APPROVED'::character varying)::text, ('REJECTED'::character varying)::text]))),
    CONSTRAINT deliverables_type_check CHECK (((type)::text = ANY (ARRAY[('DOCUMENT'::character varying)::text, ('CODE'::character varying)::text, ('REPORT'::character varying)::text, ('PRESENTATION'::character varying)::text, ('OTHER'::character varying)::text])))
);


ALTER TABLE project.deliverables OWNER TO pms_user;

--
-- Name: education_histories; Type: TABLE; Schema: project; Owner: pms_user
--

CREATE TABLE project.education_histories (
    id character varying(50) NOT NULL,
    created_at timestamp(6) without time zone NOT NULL,
    created_by character varying(255),
    updated_at timestamp(6) without time zone,
    updated_by character varying(255),
    certificate_issued boolean,
    completed_at timestamp(6) without time zone,
    completion_status character varying(50) NOT NULL,
    feedback text,
    participant_department character varying(100),
    participant_id character varying(50) NOT NULL,
    participant_name character varying(100) NOT NULL,
    registered_at timestamp(6) without time zone,
    score integer,
    session_id character varying(50) NOT NULL,
    CONSTRAINT education_histories_completion_status_check CHECK (((completion_status)::text = ANY (ARRAY[('REGISTERED'::character varying)::text, ('IN_PROGRESS'::character varying)::text, ('COMPLETED'::character varying)::text, ('DROPPED'::character varying)::text, ('NO_SHOW'::character varying)::text])))
);


ALTER TABLE project.education_histories OWNER TO pms_user;

--
-- Name: education_roadmaps; Type: TABLE; Schema: project; Owner: pms_user
--

CREATE TABLE project.education_roadmaps (
    id character varying(50) NOT NULL,
    created_at timestamp(6) without time zone NOT NULL,
    created_by character varying(255),
    updated_at timestamp(6) without time zone,
    updated_by character varying(255),
    description text,
    is_required boolean NOT NULL,
    level character varying(50) NOT NULL,
    order_num integer NOT NULL,
    target_role character varying(50) NOT NULL,
    education_id character varying(50) NOT NULL,
    CONSTRAINT education_roadmaps_level_check CHECK (((level)::text = ANY (ARRAY[('BASIC'::character varying)::text, ('INTERMEDIATE'::character varying)::text, ('ADVANCED'::character varying)::text]))),
    CONSTRAINT education_roadmaps_target_role_check CHECK (((target_role)::text = ANY (ARRAY[('ALL'::character varying)::text, ('PM'::character varying)::text, ('DEVELOPER'::character varying)::text, ('QA'::character varying)::text, ('BUSINESS_ANALYST'::character varying)::text, ('DATA_SCIENTIST'::character varying)::text])))
);


ALTER TABLE project.education_roadmaps OWNER TO pms_user;

--
-- Name: education_sessions; Type: TABLE; Schema: project; Owner: pms_user
--

CREATE TABLE project.education_sessions (
    id character varying(50) NOT NULL,
    created_at timestamp(6) without time zone NOT NULL,
    created_by character varying(255),
    updated_at timestamp(6) without time zone,
    updated_by character varying(255),
    current_participants integer,
    end_at timestamp(6) without time zone,
    instructor character varying(100),
    location character varying(200),
    max_participants integer,
    notes text,
    scheduled_at timestamp(6) without time zone NOT NULL,
    session_name character varying(200),
    status character varying(50) NOT NULL,
    education_id character varying(50) NOT NULL,
    CONSTRAINT education_sessions_status_check CHECK (((status)::text = ANY (ARRAY[('SCHEDULED'::character varying)::text, ('IN_PROGRESS'::character varying)::text, ('COMPLETED'::character varying)::text, ('CANCELLED'::character varying)::text])))
);


ALTER TABLE project.education_sessions OWNER TO pms_user;

--
-- Name: educations; Type: TABLE; Schema: project; Owner: pms_user
--

CREATE TABLE project.educations (
    id character varying(50) NOT NULL,
    created_at timestamp(6) without time zone NOT NULL,
    created_by character varying(255),
    updated_at timestamp(6) without time zone,
    updated_by character varying(255),
    category character varying(50) NOT NULL,
    description text,
    duration_hours integer,
    education_type character varying(50) NOT NULL,
    instructor character varying(100),
    is_active boolean NOT NULL,
    learning_objectives text,
    materials text,
    prerequisites text,
    target_role character varying(50) NOT NULL,
    title character varying(200) NOT NULL,
    CONSTRAINT educations_category_check CHECK (((category)::text = ANY (ARRAY[('AGENT_AI'::character varying)::text, ('MACHINE_LEARNING'::character varying)::text, ('DEEP_LEARNING'::character varying)::text, ('PYTHON'::character varying)::text, ('BUSINESS_PLANNING'::character varying)::text, ('BUSINESS_OPERATION'::character varying)::text, ('AGENT_ROLE_EXPLANATION'::character varying)::text]))),
    CONSTRAINT educations_education_type_check CHECK (((education_type)::text = ANY (ARRAY[('IT_BASIC'::character varying)::text, ('IT_INTERMEDIATE'::character varying)::text, ('IT_ADVANCED'::character varying)::text, ('BUSINESS_AI_AWARENESS'::character varying)::text, ('BUSINESS_CASE_STUDY'::character varying)::text, ('POST_DEPLOYMENT'::character varying)::text]))),
    CONSTRAINT educations_target_role_check CHECK (((target_role)::text = ANY (ARRAY[('ALL'::character varying)::text, ('PM'::character varying)::text, ('DEVELOPER'::character varying)::text, ('QA'::character varying)::text, ('BUSINESS_ANALYST'::character varying)::text, ('DATA_SCIENTIST'::character varying)::text])))
);


ALTER TABLE project.educations OWNER TO pms_user;

--
-- Name: epics; Type: TABLE; Schema: project; Owner: pms_user
--

CREATE TABLE project.epics (
    id character varying(36) NOT NULL,
    created_at timestamp(6) without time zone NOT NULL,
    created_by character varying(255),
    updated_at timestamp(6) without time zone,
    updated_by character varying(255),
    business_value integer,
    description text,
    goal text,
    item_count integer,
    name character varying(255) NOT NULL,
    owner_id character varying(36),
    project_id character varying(36) NOT NULL,
    status character varying(50) NOT NULL,
    target_completion_date date,
    total_story_points integer,
    phase_id character varying(50),
    color character varying(20),
    progress integer DEFAULT 0,
    priority character varying(50) DEFAULT 'MEDIUM'::character varying,
    CONSTRAINT epics_status_check CHECK (((status)::text = ANY (ARRAY[('DRAFT'::character varying)::text, ('ACTIVE'::character varying)::text, ('COMPLETED'::character varying)::text, ('CANCELLED'::character varying)::text])))
);


ALTER TABLE project.epics OWNER TO pms_user;

--
-- Name: COLUMN epics.phase_id; Type: COMMENT; Schema: project; Owner: pms_user
--

COMMENT ON COLUMN project.epics.phase_id IS 'Reference to Phase for Epic-Phase integration';


--
-- Name: COLUMN epics.color; Type: COMMENT; Schema: project; Owner: pms_user
--

COMMENT ON COLUMN project.epics.color IS 'Color code for UI display (e.g., #3B82F6)';


--
-- Name: COLUMN epics.progress; Type: COMMENT; Schema: project; Owner: pms_user
--

COMMENT ON COLUMN project.epics.progress IS 'Epic completion percentage (0-100)';


--
-- Name: COLUMN epics.priority; Type: COMMENT; Schema: project; Owner: pms_user
--

COMMENT ON COLUMN project.epics.priority IS 'CRITICAL, HIGH, MEDIUM, LOW';


--
-- Name: features; Type: TABLE; Schema: project; Owner: pms_user
--

CREATE TABLE project.features (
    id character varying(36) NOT NULL,
    epic_id character varying(36) NOT NULL,
    wbs_group_id character varying(36),
    name character varying(255) NOT NULL,
    description text,
    status character varying(50) DEFAULT 'OPEN'::character varying NOT NULL,
    priority character varying(50) DEFAULT 'MEDIUM'::character varying,
    order_num integer DEFAULT 0,
    created_at timestamp without time zone DEFAULT CURRENT_TIMESTAMP,
    updated_at timestamp without time zone DEFAULT CURRENT_TIMESTAMP,
    created_by character varying(36),
    updated_by character varying(36)
);


ALTER TABLE project.features OWNER TO pms_user;

--
-- Name: TABLE features; Type: COMMENT; Schema: project; Owner: pms_user
--

COMMENT ON TABLE project.features IS 'Feature - Second level in Backlog hierarchy (Epic -> Feature -> UserStory -> Task)';


--
-- Name: COLUMN features.wbs_group_id; Type: COMMENT; Schema: project; Owner: pms_user
--

COMMENT ON COLUMN project.features.wbs_group_id IS 'Reference to WBS Group for Feature-WbsGroup integration';


--
-- Name: COLUMN features.status; Type: COMMENT; Schema: project; Owner: pms_user
--

COMMENT ON COLUMN project.features.status IS 'OPEN, IN_PROGRESS, DONE, CANCELLED';


--
-- Name: COLUMN features.priority; Type: COMMENT; Schema: project; Owner: pms_user
--

COMMENT ON COLUMN project.features.priority IS 'CRITICAL, HIGH, MEDIUM, LOW';


--
-- Name: issues; Type: TABLE; Schema: project; Owner: pms_user
--

CREATE TABLE project.issues (
    id character varying(50) NOT NULL,
    created_at timestamp(6) without time zone NOT NULL,
    created_by character varying(255),
    updated_at timestamp(6) without time zone,
    updated_by character varying(255),
    assignee character varying(100),
    comments text,
    description text,
    due_date date,
    issue_type character varying(50) NOT NULL,
    priority character varying(50) NOT NULL,
    reporter character varying(100),
    resolution text,
    resolved_at timestamp(6) without time zone,
    reviewer character varying(100),
    status character varying(50) NOT NULL,
    title character varying(200) NOT NULL,
    project_id character varying(50) NOT NULL,
    CONSTRAINT issues_issue_type_check CHECK (((issue_type)::text = ANY (ARRAY[('BUG'::character varying)::text, ('RISK'::character varying)::text, ('BLOCKER'::character varying)::text, ('CHANGE_REQUEST'::character varying)::text, ('QUESTION'::character varying)::text, ('IMPROVEMENT'::character varying)::text, ('OTHER'::character varying)::text]))),
    CONSTRAINT issues_priority_check CHECK (((priority)::text = ANY (ARRAY[('CRITICAL'::character varying)::text, ('HIGH'::character varying)::text, ('MEDIUM'::character varying)::text, ('LOW'::character varying)::text]))),
    CONSTRAINT issues_status_check CHECK (((status)::text = ANY (ARRAY[('OPEN'::character varying)::text, ('IN_PROGRESS'::character varying)::text, ('RESOLVED'::character varying)::text, ('VERIFIED'::character varying)::text, ('CLOSED'::character varying)::text, ('REOPENED'::character varying)::text, ('DEFERRED'::character varying)::text])))
);


ALTER TABLE project.issues OWNER TO pms_user;

--
-- Name: kpis; Type: TABLE; Schema: project; Owner: pms_user
--

CREATE TABLE project.kpis (
    id character varying(50) NOT NULL,
    created_at timestamp(6) without time zone NOT NULL,
    created_by character varying(255),
    updated_at timestamp(6) without time zone,
    updated_by character varying(255),
    current character varying(100),
    name character varying(200) NOT NULL,
    status character varying(50) NOT NULL,
    target character varying(100) NOT NULL,
    phase_id character varying(50) NOT NULL,
    CONSTRAINT kpis_status_check CHECK (((status)::text = ANY (ARRAY[('ACHIEVED'::character varying)::text, ('ON_TRACK'::character varying)::text, ('AT_RISK'::character varying)::text])))
);


ALTER TABLE project.kpis OWNER TO pms_user;

--
-- Name: meetings; Type: TABLE; Schema: project; Owner: pms_user
--

CREATE TABLE project.meetings (
    id character varying(50) NOT NULL,
    created_at timestamp(6) without time zone NOT NULL,
    created_by character varying(255),
    updated_at timestamp(6) without time zone,
    updated_by character varying(255),
    actual_end_at timestamp(6) without time zone,
    actual_start_at timestamp(6) without time zone,
    attendees text,
    description text,
    location character varying(200),
    meeting_type character varying(50) NOT NULL,
    minutes text,
    organizer character varying(100),
    scheduled_at timestamp(6) without time zone NOT NULL,
    status character varying(50) NOT NULL,
    title character varying(200) NOT NULL,
    project_id character varying(50) NOT NULL,
    CONSTRAINT meetings_meeting_type_check CHECK (((meeting_type)::text = ANY (ARRAY[('KICKOFF'::character varying)::text, ('WEEKLY'::character varying)::text, ('MONTHLY'::character varying)::text, ('MILESTONE'::character varying)::text, ('CLOSING'::character varying)::text, ('TECHNICAL'::character varying)::text, ('STAKEHOLDER'::character varying)::text, ('OTHER'::character varying)::text]))),
    CONSTRAINT meetings_status_check CHECK (((status)::text = ANY (ARRAY[('SCHEDULED'::character varying)::text, ('IN_PROGRESS'::character varying)::text, ('COMPLETED'::character varying)::text, ('CANCELLED'::character varying)::text, ('POSTPONED'::character varying)::text])))
);


ALTER TABLE project.meetings OWNER TO pms_user;

--
-- Name: outbox_events; Type: TABLE; Schema: project; Owner: pms_user
--

CREATE TABLE project.outbox_events (
    id uuid NOT NULL,
    aggregate_id character varying(100) NOT NULL,
    aggregate_type character varying(100) NOT NULL,
    created_at timestamp(6) without time zone,
    event_type character varying(100) NOT NULL,
    idempotency_key character varying(100),
    last_error text,
    payload jsonb NOT NULL,
    published_at timestamp(6) without time zone,
    retry_count integer,
    status character varying(20),
    CONSTRAINT outbox_events_event_type_check CHECK (((event_type)::text = ANY (ARRAY[('REQUIREMENT_CREATED'::character varying)::text, ('REQUIREMENT_UPDATED'::character varying)::text, ('REQUIREMENT_DELETED'::character varying)::text, ('REQUIREMENT_STATUS_CHANGED'::character varying)::text, ('STORY_CREATED'::character varying)::text, ('STORY_UPDATED'::character varying)::text, ('STORY_DELETED'::character varying)::text, ('STORY_SPRINT_ASSIGNED'::character varying)::text, ('TASK_CREATED'::character varying)::text, ('TASK_UPDATED'::character varying)::text, ('TASK_DELETED'::character varying)::text, ('TASK_STATUS_CHANGED'::character varying)::text, ('REQUIREMENT_STORY_LINKED'::character varying)::text, ('REQUIREMENT_STORY_UNLINKED'::character varying)::text, ('STORY_TASK_LINKED'::character varying)::text, ('STORY_TASK_UNLINKED'::character varying)::text, ('REQUIREMENT_TASK_LINKED'::character varying)::text, ('REQUIREMENT_TASK_UNLINKED'::character varying)::text, ('SPRINT_CREATED'::character varying)::text, ('SPRINT_STARTED'::character varying)::text, ('SPRINT_COMPLETED'::character varying)::text]))),
    CONSTRAINT outbox_events_status_check CHECK (((status)::text = ANY (ARRAY[('PENDING'::character varying)::text, ('PUBLISHED'::character varying)::text, ('FAILED'::character varying)::text])))
);


ALTER TABLE project.outbox_events OWNER TO pms_user;

--
-- Name: part_members; Type: TABLE; Schema: project; Owner: pms_user
--

CREATE TABLE project.part_members (
    part_id character varying(50) NOT NULL,
    user_id character varying(255)
);


ALTER TABLE project.part_members OWNER TO pms_user;

--
-- Name: parts; Type: TABLE; Schema: project; Owner: pms_user
--

CREATE TABLE project.parts (
    id character varying(50) NOT NULL,
    created_at timestamp(6) without time zone NOT NULL,
    created_by character varying(255),
    updated_at timestamp(6) without time zone,
    updated_by character varying(255),
    description text,
    end_date date,
    leader_id character varying(50),
    leader_name character varying(100),
    name character varying(200) NOT NULL,
    progress integer NOT NULL,
    start_date date,
    status character varying(50) NOT NULL,
    project_id character varying(50) NOT NULL,
    CONSTRAINT parts_status_check CHECK (((status)::text = ANY (ARRAY[('ACTIVE'::character varying)::text, ('INACTIVE'::character varying)::text, ('COMPLETED'::character varying)::text])))
);


ALTER TABLE project.parts OWNER TO pms_user;

--
-- Name: phase_gates; Type: TABLE; Schema: project; Owner: pms_user
--

CREATE TABLE project.phase_gates (
    id character varying(50) NOT NULL,
    created_at timestamp(6) without time zone NOT NULL,
    created_by character varying(255),
    updated_at timestamp(6) without time zone,
    updated_by character varying(255),
    approved_at timestamp(6) without time zone,
    approved_by character varying(50),
    comments text,
    rejected_at timestamp(6) without time zone,
    rejected_by character varying(50),
    status character varying(50) NOT NULL,
    submitted_at timestamp(6) without time zone,
    submitted_by character varying(50),
    phase_id character varying(50) NOT NULL,
    CONSTRAINT phase_gates_status_check CHECK (((status)::text = ANY (ARRAY[('PENDING'::character varying)::text, ('SUBMITTED'::character varying)::text, ('APPROVED'::character varying)::text, ('REJECTED'::character varying)::text])))
);


ALTER TABLE project.phase_gates OWNER TO pms_user;

--
-- Name: phases; Type: TABLE; Schema: project; Owner: pms_user
--

CREATE TABLE project.phases (
    id character varying(50) NOT NULL,
    created_at timestamp(6) without time zone NOT NULL,
    created_by character varying(255),
    updated_at timestamp(6) without time zone,
    updated_by character varying(255),
    description text,
    end_date date,
    gate_status character varying(50),
    name character varying(200) NOT NULL,
    order_num integer NOT NULL,
    progress integer NOT NULL,
    start_date date,
    status character varying(50) NOT NULL,
    track_type character varying(20),
    project_id character varying(50) NOT NULL,
    CONSTRAINT phases_gate_status_check CHECK (((gate_status)::text = ANY (ARRAY[('PENDING'::character varying)::text, ('SUBMITTED'::character varying)::text, ('APPROVED'::character varying)::text, ('REJECTED'::character varying)::text]))),
    CONSTRAINT phases_status_check CHECK (((status)::text = ANY (ARRAY[('NOT_STARTED'::character varying)::text, ('IN_PROGRESS'::character varying)::text, ('COMPLETED'::character varying)::text, ('ON_HOLD'::character varying)::text]))),
    CONSTRAINT phases_track_type_check CHECK (((track_type)::text = ANY (ARRAY[('AI'::character varying)::text, ('SI'::character varying)::text, ('COMMON'::character varying)::text])))
);


ALTER TABLE project.phases OWNER TO pms_user;

--
-- Name: project_members; Type: TABLE; Schema: project; Owner: pms_user
--

CREATE TABLE project.project_members (
    id character varying(50) NOT NULL,
    created_at timestamp(6) without time zone NOT NULL,
    created_by character varying(255),
    updated_at timestamp(6) without time zone,
    updated_by character varying(255),
    active boolean NOT NULL,
    department character varying(100),
    joined_at timestamp(6) without time zone,
    role character varying(50) NOT NULL,
    user_email character varying(100),
    user_id character varying(50) NOT NULL,
    user_name character varying(100),
    project_id character varying(50) NOT NULL,
    CONSTRAINT project_members_role_check CHECK (((role)::text = ANY (ARRAY[('SPONSOR'::character varying)::text, ('PM'::character varying)::text, ('PMO_HEAD'::character varying)::text, ('DEVELOPER'::character varying)::text, ('QA'::character varying)::text, ('BUSINESS_ANALYST'::character varying)::text, ('AUDITOR'::character varying)::text, ('MEMBER'::character varying)::text])))
);


ALTER TABLE project.project_members OWNER TO pms_user;

--
-- Name: projects; Type: TABLE; Schema: project; Owner: pms_user
--

CREATE TABLE project.projects (
    id character varying(50) NOT NULL,
    created_at timestamp(6) without time zone NOT NULL,
    created_by character varying(255),
    updated_at timestamp(6) without time zone,
    updated_by character varying(255),
    budget numeric(15,2),
    description text,
    end_date date,
    name character varying(200) NOT NULL,
    progress integer NOT NULL,
    start_date date,
    status character varying(50) NOT NULL,
    is_default boolean DEFAULT false NOT NULL,
    CONSTRAINT projects_status_check CHECK (((status)::text = ANY (ARRAY[('PLANNING'::character varying)::text, ('IN_PROGRESS'::character varying)::text, ('ON_HOLD'::character varying)::text, ('COMPLETED'::character varying)::text, ('CANCELLED'::character varying)::text])))
);


ALTER TABLE project.projects OWNER TO pms_user;

--
-- Name: requirement_task_links; Type: TABLE; Schema: project; Owner: pms_user
--

CREATE TABLE project.requirement_task_links (
    requirement_id character varying(36) NOT NULL,
    task_id character varying(255)
);


ALTER TABLE project.requirement_task_links OWNER TO pms_user;

--
-- Name: requirements; Type: TABLE; Schema: project; Owner: pms_user
--

CREATE TABLE project.requirements (
    id character varying(36) NOT NULL,
    created_at timestamp(6) without time zone NOT NULL,
    created_by character varying(255),
    updated_at timestamp(6) without time zone,
    updated_by character varying(255),
    acceptance_criteria text,
    actual_effort integer,
    actual_effort_hours integer,
    assignee_id character varying(36),
    category character varying(50),
    requirement_code character varying(50) NOT NULL,
    description text,
    due_date date,
    estimated_effort integer,
    estimated_effort_hours integer,
    last_progress_update timestamp(6) without time zone,
    neo4j_node_id character varying(100),
    page_number integer,
    priority character varying(20),
    progress integer,
    progress_calc_method character varying(50),
    progress_percentage integer,
    project_id character varying(36) NOT NULL,
    remaining_effort_hours integer,
    source_text text,
    status character varying(50),
    story_points integer,
    tenant_id character varying(36) NOT NULL,
    title character varying(500) NOT NULL,
    rfp_id character varying(36),
    CONSTRAINT requirements_category_check CHECK (((category)::text = ANY (ARRAY[('FUNCTIONAL'::character varying)::text, ('NON_FUNCTIONAL'::character varying)::text, ('UI'::character varying)::text, ('INTEGRATION'::character varying)::text, ('SECURITY'::character varying)::text, ('AI'::character varying)::text, ('SI'::character varying)::text, ('COMMON'::character varying)::text, ('TECHNICAL'::character varying)::text, ('BUSINESS'::character varying)::text, ('CONSTRAINT'::character varying)::text]))),
    CONSTRAINT requirements_priority_check CHECK (((priority)::text = ANY (ARRAY[('CRITICAL'::character varying)::text, ('HIGH'::character varying)::text, ('MEDIUM'::character varying)::text, ('LOW'::character varying)::text]))),
    CONSTRAINT requirements_progress_calc_method_check CHECK (((progress_calc_method)::text = ANY (ARRAY[('STORY_POINT'::character varying)::text, ('TASK_COUNT'::character varying)::text, ('TIME_BASED'::character varying)::text]))),
    CONSTRAINT requirements_status_check CHECK (((status)::text = ANY (ARRAY[('IDENTIFIED'::character varying)::text, ('ANALYZED'::character varying)::text, ('APPROVED'::character varying)::text, ('IMPLEMENTED'::character varying)::text, ('VERIFIED'::character varying)::text, ('DEFERRED'::character varying)::text, ('REJECTED'::character varying)::text])))
);


ALTER TABLE project.requirements OWNER TO pms_user;

--
-- Name: rfps; Type: TABLE; Schema: project; Owner: pms_user
--

CREATE TABLE project.rfps (
    id character varying(36) NOT NULL,
    created_at timestamp(6) without time zone NOT NULL,
    created_by character varying(255),
    updated_at timestamp(6) without time zone,
    updated_by character varying(255),
    content text,
    file_name character varying(255),
    file_path character varying(500),
    file_size bigint,
    file_type character varying(50),
    processing_message character varying(255),
    processing_status character varying(50),
    project_id character varying(36) NOT NULL,
    status character varying(50),
    submitted_at timestamp(6) without time zone,
    tenant_id character varying(36) NOT NULL,
    title character varying(255) NOT NULL,
    CONSTRAINT rfps_processing_status_check CHECK (((processing_status)::text = ANY (ARRAY[('PENDING'::character varying)::text, ('EXTRACTING'::character varying)::text, ('INDEXING'::character varying)::text, ('COMPLETED'::character varying)::text, ('FAILED'::character varying)::text]))),
    CONSTRAINT rfps_status_check CHECK (((status)::text = ANY (ARRAY[('DRAFT'::character varying)::text, ('SUBMITTED'::character varying)::text, ('UNDER_REVIEW'::character varying)::text, ('APPROVED'::character varying)::text, ('REJECTED'::character varying)::text])))
);


ALTER TABLE project.rfps OWNER TO pms_user;

--
-- Name: wbs_groups; Type: TABLE; Schema: project; Owner: pms_user
--

CREATE TABLE project.wbs_groups (
    id character varying(36) NOT NULL,
    phase_id character varying(50) NOT NULL,
    code character varying(50) NOT NULL,
    name character varying(255) NOT NULL,
    description text,
    status character varying(50) DEFAULT 'NOT_STARTED'::character varying NOT NULL,
    progress integer DEFAULT 0,
    planned_start_date date,
    planned_end_date date,
    actual_start_date date,
    actual_end_date date,
    weight integer DEFAULT 100,
    order_num integer DEFAULT 0,
    linked_epic_id character varying(36),
    created_at timestamp without time zone DEFAULT CURRENT_TIMESTAMP,
    updated_at timestamp without time zone DEFAULT CURRENT_TIMESTAMP,
    created_by character varying(36),
    updated_by character varying(36)
);


ALTER TABLE project.wbs_groups OWNER TO pms_user;

--
-- Name: TABLE wbs_groups; Type: COMMENT; Schema: project; Owner: pms_user
--

COMMENT ON TABLE project.wbs_groups IS 'WBS Group - Second level in WBS hierarchy (Phase -> WbsGroup -> WbsItem -> WbsTask)';


--
-- Name: COLUMN wbs_groups.status; Type: COMMENT; Schema: project; Owner: pms_user
--

COMMENT ON COLUMN project.wbs_groups.status IS 'NOT_STARTED, IN_PROGRESS, COMPLETED, ON_HOLD, CANCELLED';


--
-- Name: COLUMN wbs_groups.weight; Type: COMMENT; Schema: project; Owner: pms_user
--

COMMENT ON COLUMN project.wbs_groups.weight IS 'Weight for progress calculation (default 100)';


--
-- Name: COLUMN wbs_groups.linked_epic_id; Type: COMMENT; Schema: project; Owner: pms_user
--

COMMENT ON COLUMN project.wbs_groups.linked_epic_id IS 'Reference to Epic entity for Phase-WBS-Backlog integration';


--
-- Name: wbs_item_story_links; Type: TABLE; Schema: project; Owner: pms_user
--

CREATE TABLE project.wbs_item_story_links (
    id character varying(36) DEFAULT (gen_random_uuid())::text NOT NULL,
    wbs_item_id character varying(36) NOT NULL,
    story_id character varying(50) NOT NULL,
    linked_at timestamp without time zone DEFAULT CURRENT_TIMESTAMP,
    linked_by character varying(36)
);


ALTER TABLE project.wbs_item_story_links OWNER TO pms_user;

--
-- Name: TABLE wbs_item_story_links; Type: COMMENT; Schema: project; Owner: pms_user
--

COMMENT ON TABLE project.wbs_item_story_links IS 'Links WBS Items to User Stories for WbsItem-Story integration';


--
-- Name: wbs_items; Type: TABLE; Schema: project; Owner: pms_user
--

CREATE TABLE project.wbs_items (
    id character varying(36) NOT NULL,
    group_id character varying(36) NOT NULL,
    phase_id character varying(50) NOT NULL,
    code character varying(50) NOT NULL,
    name character varying(255) NOT NULL,
    description text,
    status character varying(50) DEFAULT 'NOT_STARTED'::character varying NOT NULL,
    progress integer DEFAULT 0,
    planned_start_date date,
    planned_end_date date,
    actual_start_date date,
    actual_end_date date,
    weight integer DEFAULT 100,
    order_num integer DEFAULT 0,
    estimated_hours integer,
    actual_hours integer,
    assignee_id character varying(36),
    created_at timestamp without time zone DEFAULT CURRENT_TIMESTAMP,
    updated_at timestamp without time zone DEFAULT CURRENT_TIMESTAMP,
    created_by character varying(36),
    updated_by character varying(36)
);


ALTER TABLE project.wbs_items OWNER TO pms_user;

--
-- Name: TABLE wbs_items; Type: COMMENT; Schema: project; Owner: pms_user
--

COMMENT ON TABLE project.wbs_items IS 'WBS Item - Third level in WBS hierarchy (Phase -> WbsGroup -> WbsItem -> WbsTask)';


--
-- Name: COLUMN wbs_items.status; Type: COMMENT; Schema: project; Owner: pms_user
--

COMMENT ON COLUMN project.wbs_items.status IS 'NOT_STARTED, IN_PROGRESS, COMPLETED, ON_HOLD, CANCELLED';


--
-- Name: COLUMN wbs_items.weight; Type: COMMENT; Schema: project; Owner: pms_user
--

COMMENT ON COLUMN project.wbs_items.weight IS 'Weight for progress calculation within group (default 100)';


--
-- Name: wbs_tasks; Type: TABLE; Schema: project; Owner: pms_user
--

CREATE TABLE project.wbs_tasks (
    id character varying(36) NOT NULL,
    item_id character varying(36) NOT NULL,
    group_id character varying(36) NOT NULL,
    phase_id character varying(50) NOT NULL,
    code character varying(50) NOT NULL,
    name character varying(255) NOT NULL,
    description text,
    status character varying(50) DEFAULT 'NOT_STARTED'::character varying NOT NULL,
    progress integer DEFAULT 0,
    weight integer DEFAULT 100,
    order_num integer DEFAULT 0,
    estimated_hours integer,
    actual_hours integer,
    assignee_id character varying(36),
    linked_task_id character varying(50),
    created_at timestamp without time zone DEFAULT CURRENT_TIMESTAMP,
    updated_at timestamp without time zone DEFAULT CURRENT_TIMESTAMP,
    created_by character varying(36),
    updated_by character varying(36)
);


ALTER TABLE project.wbs_tasks OWNER TO pms_user;

--
-- Name: TABLE wbs_tasks; Type: COMMENT; Schema: project; Owner: pms_user
--

COMMENT ON TABLE project.wbs_tasks IS 'WBS Task - Fourth level in WBS hierarchy (Phase -> WbsGroup -> WbsItem -> WbsTask)';


--
-- Name: COLUMN wbs_tasks.linked_task_id; Type: COMMENT; Schema: project; Owner: pms_user
--

COMMENT ON COLUMN project.wbs_tasks.linked_task_id IS 'Reference to task.tasks.id for WBS-Task integration';


--
-- Name: kanban_columns; Type: TABLE; Schema: task; Owner: pms_user
--

CREATE TABLE task.kanban_columns (
    id character varying(50) NOT NULL,
    created_at timestamp(6) without time zone NOT NULL,
    created_by character varying(255),
    updated_at timestamp(6) without time zone,
    updated_by character varying(255),
    color character varying(20),
    is_bottleneck_column boolean NOT NULL,
    name character varying(100) NOT NULL,
    order_num integer NOT NULL,
    project_id character varying(50) NOT NULL,
    wip_limit integer,
    wip_limit_hard integer,
    wip_limit_soft integer
);


ALTER TABLE task.kanban_columns OWNER TO pms_user;

--
-- Name: sprints; Type: TABLE; Schema: task; Owner: pms_user
--

CREATE TABLE task.sprints (
    id character varying(50) NOT NULL,
    created_at timestamp(6) without time zone NOT NULL,
    created_by character varying(255),
    updated_at timestamp(6) without time zone,
    updated_by character varying(255),
    conwip_limit integer,
    enable_wip_validation boolean NOT NULL,
    end_date date,
    goal text,
    name character varying(100) NOT NULL,
    neo4j_node_id character varying(255),
    project_id character varying(50) NOT NULL,
    start_date date,
    status character varying(50) NOT NULL,
    CONSTRAINT sprints_status_check CHECK (((status)::text = ANY (ARRAY[('PLANNED'::character varying)::text, ('ACTIVE'::character varying)::text, ('COMPLETED'::character varying)::text, ('CANCELLED'::character varying)::text])))
);


ALTER TABLE task.sprints OWNER TO pms_user;

--
-- Name: tasks; Type: TABLE; Schema: task; Owner: pms_user
--

CREATE TABLE task.tasks (
    id character varying(50) NOT NULL,
    created_at timestamp(6) without time zone NOT NULL,
    created_by character varying(255),
    updated_at timestamp(6) without time zone,
    updated_by character varying(255),
    assignee_id character varying(50),
    description text,
    due_date date,
    order_num integer,
    phase_id character varying(50),
    priority character varying(20) NOT NULL,
    sprint_id character varying(50),
    status character varying(50) NOT NULL,
    tags character varying(500),
    title character varying(200) NOT NULL,
    track_type character varying(20),
    user_story_id character varying(50),
    column_id character varying(50) NOT NULL,
    requirement_id character varying(50),
    CONSTRAINT tasks_priority_check CHECK (((priority)::text = ANY (ARRAY[('LOW'::character varying)::text, ('MEDIUM'::character varying)::text, ('HIGH'::character varying)::text, ('CRITICAL'::character varying)::text]))),
    CONSTRAINT tasks_status_check CHECK (((status)::text = ANY (ARRAY[('TODO'::character varying)::text, ('IN_PROGRESS'::character varying)::text, ('REVIEW'::character varying)::text, ('DONE'::character varying)::text]))),
    CONSTRAINT tasks_track_type_check CHECK (((track_type)::text = ANY (ARRAY[('AI'::character varying)::text, ('SI'::character varying)::text, ('COMMON'::character varying)::text])))
);


ALTER TABLE task.tasks OWNER TO pms_user;

--
-- Name: user_stories; Type: TABLE; Schema: task; Owner: pms_user
--

CREATE TABLE task.user_stories (
    id character varying(50) NOT NULL,
    created_at timestamp(6) without time zone NOT NULL,
    created_by character varying(255),
    updated_at timestamp(6) without time zone,
    updated_by character varying(255),
    acceptance_criteria text,
    assignee_id character varying(50),
    description text,
    epic character varying(100),
    priority character varying(20) NOT NULL,
    priority_order integer,
    project_id character varying(50) NOT NULL,
    status character varying(50) NOT NULL,
    story_points integer,
    title character varying(200) NOT NULL,
    sprint_id character varying(50),
    feature_id character varying(36),
    wbs_item_id character varying(36),
    CONSTRAINT user_stories_priority_check CHECK (((priority)::text = ANY (ARRAY[('LOW'::character varying)::text, ('MEDIUM'::character varying)::text, ('HIGH'::character varying)::text, ('CRITICAL'::character varying)::text]))),
    CONSTRAINT user_stories_status_check CHECK (((status)::text = ANY (ARRAY[('BACKLOG'::character varying)::text, ('SELECTED'::character varying)::text, ('IN_PROGRESS'::character varying)::text, ('COMPLETED'::character varying)::text, ('CANCELLED'::character varying)::text])))
);


ALTER TABLE task.user_stories OWNER TO pms_user;

--
-- Name: COLUMN user_stories.feature_id; Type: COMMENT; Schema: task; Owner: pms_user
--

COMMENT ON COLUMN task.user_stories.feature_id IS 'Reference to Feature for Feature-Story integration';


--
-- Name: COLUMN user_stories.wbs_item_id; Type: COMMENT; Schema: task; Owner: pms_user
--

COMMENT ON COLUMN task.user_stories.wbs_item_id IS 'Reference to WBS Item for WbsItem-Story integration';


--
-- Name: user_story_requirement_links; Type: TABLE; Schema: task; Owner: pms_user
--

CREATE TABLE task.user_story_requirement_links (
    user_story_id character varying(50) NOT NULL,
    requirement_id character varying(255)
);


ALTER TABLE task.user_story_requirement_links OWNER TO pms_user;

--
-- Name: weekly_reports; Type: TABLE; Schema: task; Owner: pms_user
--

CREATE TABLE task.weekly_reports (
    id character varying(50) NOT NULL,
    created_at timestamp(6) without time zone NOT NULL,
    created_by character varying(255),
    updated_at timestamp(6) without time zone,
    updated_by character varying(255),
    average_wip_count integer,
    blocked_tasks integer,
    bottlenecks text,
    completed_tasks integer,
    completion_rate double precision,
    completion_trend double precision,
    flow_efficiency double precision,
    generated_at date NOT NULL,
    generated_by character varying(50),
    generated_content text,
    in_progress_tasks integer,
    llm_confidence_score double precision,
    llm_model character varying(100),
    peak_wip_count integer,
    project_id character varying(50) NOT NULL,
    recommendations text,
    sprint_id character varying(50),
    story_points_completed integer,
    story_points_in_progress integer,
    story_points_planned integer,
    summary text,
    todo_tasks integer,
    total_tasks integer,
    velocity double precision,
    velocity_trend double precision,
    week_end_date date NOT NULL,
    week_start_date date NOT NULL
);


ALTER TABLE task.weekly_reports OWNER TO pms_user;

--
-- Data for Name: backup_history; Type: TABLE DATA; Schema: admin; Owner: pms_user
--

COPY admin.backup_history (id, backup_type, backup_name, file_path, file_size_bytes, status, error_message, created_by, duration_ms, started_at, completed_at, created_at) FROM stdin;
7b890df3-ea07-47d9-9fea-da4f8ccbba6c	POSTGRES	pms_backup_postgres_20260126_092340		0	FAILED	[Errno 2] No such file or directory: 'pg_dump'	admin	2	2026-01-26 09:23:40.627497	\N	2026-01-26 09:23:40.638202
289acfb1-a9ae-4d31-9966-a5a637d2054d	POSTGRES	pms_backup_postgres_20260126_114116		0	FAILED	pg_dump failed: pg_dump: error: server version: 17.7; pg_dump version: 14.20 (Ubuntu 14.20-0ubuntu0.22.04.1)\npg_dump: error: aborting because of server version mismatch\n	admin	50	2026-01-26 11:41:16.70616	\N	2026-01-26 11:41:16.76553
\.


--
-- Data for Name: sync_history; Type: TABLE DATA; Schema: admin; Owner: pms_user
--

COPY admin.sync_history (id, sync_type, status, entities_synced, total_records_synced, total_records_failed, error_message, triggered_by, duration_ms, started_at, completed_at, created_at) FROM stdin;
\.


--
-- Data for Name: permissions; Type: TABLE DATA; Schema: auth; Owner: pms_user
--

COPY auth.permissions (id, created_at, created_by, updated_at, updated_by, action, category, description, name, resource) FROM stdin;
view_dashboard	2026-01-23 14:54:00.534412	system	2026-01-23 14:54:00.534412	system	view		    	   	dashboard
create_project	2026-01-23 14:54:00.550183	system	2026-01-23 14:54:00.550183	system	create		  	 	project
delete_project	2026-01-23 14:54:00.55102	system	2026-01-23 14:54:00.55102	system	delete		 	 	project
manage_wbs	2026-01-23 14:54:00.551733	system	2026-01-23 14:54:00.551733	system	manage		   	WBS   	wbs
manage_budget	2026-01-23 14:54:00.552492	system	2026-01-23 14:54:00.552492	system	manage		    	   	budget
approve_budget	2026-01-23 14:54:00.566347	system	2026-01-23 14:54:00.566347	system	approve		   	  	budget
manage_risk	2026-01-23 14:54:00.567364	system	2026-01-23 14:54:00.567364	system	manage	/	  	   /	risk
approve_deliverable	2026-01-23 14:54:00.568212	system	2026-01-23 14:54:00.568212	system	approve		    	 /	deliverable
manage_backlog	2026-01-23 14:54:00.568796	system	2026-01-23 14:54:00.568796	system	manage		    	 	backlog
manage_sprint	2026-01-23 14:54:00.569371	system	2026-01-23 14:54:00.569371	system	manage		    	 	sprint
use_ai_assistant	2026-01-23 14:54:00.569904	system	2026-01-23 14:54:00.569904	system	use	AI 	AI    	AI  	ai_assistant
view_audit_log	2026-01-23 14:54:00.57044	system	2026-01-23 14:54:00.57044	system	view	/	   	  	audit_log
manage_users	2026-01-23 14:54:00.570895	system	2026-01-23 14:54:00.570895	system	manage	/	    	   	users
\.


--
-- Data for Name: role_permissions; Type: TABLE DATA; Schema: auth; Owner: pms_user
--

COPY auth.role_permissions (id, created_at, created_by, updated_at, updated_by, granted, role, permission_id) FROM stdin;
baadddfc-ca19-40f3-91e9-c1f6b5a472d9	2026-01-23 14:54:00.641463	system	2026-01-23 14:54:00.641463	system	t	SPONSOR	view_dashboard
a7d90876-8d5d-45d2-a266-483d62ca3e3d	2026-01-23 14:54:00.64685	system	2026-01-23 14:54:00.64685	system	t	SPONSOR	manage_budget
769aa8ba-10b2-4ab2-92bf-4855085dad7c	2026-01-23 14:54:00.647818	system	2026-01-23 14:54:00.647818	system	t	SPONSOR	approve_budget
fbfad009-1b37-4cc0-89eb-faccdb30e4e5	2026-01-23 14:54:00.648745	system	2026-01-23 14:54:00.648745	system	t	SPONSOR	approve_deliverable
e26abfda-d069-42cd-85c7-06ef59fa3d83	2026-01-23 14:54:00.649552	system	2026-01-23 14:54:00.649552	system	t	SPONSOR	use_ai_assistant
e183a065-7a40-4706-8086-188256e0e0f5	2026-01-23 14:54:00.650468	system	2026-01-23 14:54:00.650468	system	t	PMO_HEAD	view_dashboard
518ad61c-9d7e-4331-a9cb-abd34630f8b7	2026-01-23 14:54:00.650857	system	2026-01-23 14:54:00.650857	system	t	PMO_HEAD	create_project
59390763-8438-4b24-adf4-c6b98d5abc49	2026-01-23 14:54:00.656252	system	2026-01-23 14:54:00.656252	system	t	PMO_HEAD	delete_project
b8e3f170-3dfc-4d4a-827c-9674250588c7	2026-01-23 14:54:00.656939	system	2026-01-23 14:54:00.656939	system	t	PMO_HEAD	manage_wbs
6bcedd54-fbed-4f35-9ade-355921ea60ac	2026-01-23 14:54:00.657514	system	2026-01-23 14:54:00.657514	system	t	PMO_HEAD	manage_budget
a07f3790-4c13-47f6-9868-7d0bc594a6bd	2026-01-23 14:54:00.657639	system	2026-01-23 14:54:00.657639	system	t	PMO_HEAD	manage_risk
61432201-753a-4e6f-b2ad-e8a2e48096d1	2026-01-23 14:54:00.658201	system	2026-01-23 14:54:00.658201	system	t	PMO_HEAD	approve_deliverable
66e03f83-afa9-48db-9912-4d04385ffb72	2026-01-23 14:54:00.658342	system	2026-01-23 14:54:00.658342	system	t	PMO_HEAD	use_ai_assistant
66102ee4-107d-48fe-8ca8-1e99e96ff3f0	2026-01-23 14:54:00.658491	system	2026-01-23 14:54:00.658491	system	t	PMO_HEAD	view_audit_log
647230c4-d219-4fa1-837c-a7a17267460c	2026-01-23 14:54:00.659176	system	2026-01-23 14:54:00.659176	system	t	PM	view_dashboard
ce5c930b-2b3e-48e0-9db8-e65e74813ab6	2026-01-23 14:54:00.659323	system	2026-01-23 14:54:00.659323	system	t	PM	create_project
d9dc743c-313d-4a12-b920-cbf7e6aa1542	2026-01-23 14:54:00.659482	system	2026-01-23 14:54:00.659482	system	t	PM	manage_wbs
d3c9e379-b3f5-469c-8c3c-a81f75602944	2026-01-23 14:54:00.659651	system	2026-01-23 14:54:00.659651	system	t	PM	manage_risk
a900cff5-c6c2-4212-9981-fafcb87bc117	2026-01-23 14:54:00.659842	system	2026-01-23 14:54:00.659842	system	t	PM	approve_deliverable
1f8d43ef-2c2b-4249-9e3c-ac99e614a49f	2026-01-23 14:54:00.659998	system	2026-01-23 14:54:00.659998	system	t	PM	manage_backlog
4eab1149-d997-473a-a02d-3b5a36115b55	2026-01-23 14:54:00.660522	system	2026-01-23 14:54:00.660522	system	t	PM	manage_sprint
35696cf3-48ed-47a6-b5d4-6547017d62b9	2026-01-23 14:54:00.661037	system	2026-01-23 14:54:00.661037	system	t	PM	use_ai_assistant
384ffde8-d021-4e26-b029-de3c2d15c7ad	2026-01-23 14:54:00.66127	system	2026-01-23 14:54:00.66127	system	t	DEVELOPER	manage_risk
bd71588e-6dc7-471b-9f33-ca2f37f8c3fc	2026-01-23 14:54:00.661406	system	2026-01-23 14:54:00.661406	system	t	DEVELOPER	manage_backlog
28751154-fafa-4183-a72e-0880bfd5ad64	2026-01-23 14:54:00.661673	system	2026-01-23 14:54:00.661673	system	t	DEVELOPER	manage_sprint
67861f6a-fe5a-4156-b618-2ee8df72e25a	2026-01-23 14:54:00.6618	system	2026-01-23 14:54:00.6618	system	t	DEVELOPER	use_ai_assistant
c250173b-4176-41e2-85ea-e54d2b6cce5c	2026-01-23 14:54:00.661983	system	2026-01-23 14:54:00.661983	system	t	QA	manage_risk
0b39b8bf-a8bf-47eb-86b2-06896c5073a4	2026-01-23 14:54:00.662117	system	2026-01-23 14:54:00.662117	system	t	QA	manage_backlog
6c299471-0c7c-4ede-87cc-53c67c0af893	2026-01-23 14:54:00.66242	system	2026-01-23 14:54:00.66242	system	t	QA	manage_sprint
0a3b8742-fde0-4d7f-b4aa-f80d06ad7030	2026-01-23 14:54:00.662556	system	2026-01-23 14:54:00.662556	system	t	QA	use_ai_assistant
7ce2bf68-8c92-449f-9760-7fe8a2e528bd	2026-01-23 14:54:00.662701	system	2026-01-23 14:54:00.662701	system	t	BUSINESS_ANALYST	manage_backlog
99b63a19-aaa4-491b-a08c-2aab7d7b0040	2026-01-23 14:54:00.662893	system	2026-01-23 14:54:00.662893	system	t	BUSINESS_ANALYST	use_ai_assistant
dc4e81e8-e870-4054-a04c-7be890f90bc9	2026-01-23 14:54:00.663254	system	2026-01-23 14:54:00.663254	system	t	AUDITOR	view_dashboard
e9627e5a-ed5d-49da-afe1-a51b1602ffb1	2026-01-23 14:54:00.663396	system	2026-01-23 14:54:00.663396	system	t	AUDITOR	view_audit_log
0fba88a8-18ef-4c19-b07c-d31d808c9a91	2026-01-23 14:54:00.663522	system	2026-01-23 14:54:00.663522	system	t	ADMIN	create_project
196df3d3-0cf5-4ba9-bba0-e31dc66edaeb	2026-01-23 14:54:00.663651	system	2026-01-23 14:54:00.663651	system	t	ADMIN	delete_project
374e4282-98ee-4abd-932b-fb84e3941d1a	2026-01-23 14:54:00.663802	system	2026-01-23 14:54:00.663802	system	t	ADMIN	view_audit_log
1ce61132-4d47-44fd-b8cd-da98f77492d3	2026-01-23 14:54:00.664253	system	2026-01-23 14:54:00.664253	system	t	ADMIN	manage_users
\.


--
-- Data for Name: users; Type: TABLE DATA; Schema: auth; Owner: pms_user
--

COPY auth.users (id, created_at, created_by, updated_at, updated_by, active, department, email, last_login_at, name, password, role) FROM stdin;
user-pmo-001	2026-01-23 14:54:00.161532	\N	2026-01-23 14:54:00.161532	\N	t	PMO	pmo.head@insuretech.com	\N	James Wilson	$2b$10$pnu8J3dTzmxXXaX.w8UqXuu/JySVGgeO/.bTHBKxdeQ9mBLaaBicy	PMO_HEAD
user-pm-001	2026-01-23 14:54:00.161532	\N	2026-01-23 14:54:00.161532	\N	t	Project Management	pm.kim@insuretech.com	\N	Kim Minsu	$2b$10$pnu8J3dTzmxXXaX.w8UqXuu/JySVGgeO/.bTHBKxdeQ9mBLaaBicy	PM
user-pm-002	2026-01-23 14:54:00.161532	\N	2026-01-23 14:54:00.161532	\N	t	Project Management	pm.lee@insuretech.com	\N	Lee Jihye	$2b$10$pnu8J3dTzmxXXaX.w8UqXuu/JySVGgeO/.bTHBKxdeQ9mBLaaBicy	PM
user-dev-001	2026-01-23 14:54:00.161532	\N	2026-01-23 14:54:00.161532	\N	t	Development	dev.park@insuretech.com	\N	Park Sungho	$2b$10$pnu8J3dTzmxXXaX.w8UqXuu/JySVGgeO/.bTHBKxdeQ9mBLaaBicy	DEVELOPER
user-dev-002	2026-01-23 14:54:00.161532	\N	2026-01-23 14:54:00.161532	\N	t	Development	dev.choi@insuretech.com	\N	Choi Eunji	$2b$10$pnu8J3dTzmxXXaX.w8UqXuu/JySVGgeO/.bTHBKxdeQ9mBLaaBicy	DEVELOPER
user-dev-003	2026-01-23 14:54:00.161532	\N	2026-01-23 14:54:00.161532	\N	t	Development	dev.jung@insuretech.com	\N	Jung Wonjae	$2b$10$pnu8J3dTzmxXXaX.w8UqXuu/JySVGgeO/.bTHBKxdeQ9mBLaaBicy	DEVELOPER
user-qa-001	2026-01-23 14:54:00.161532	\N	2026-01-23 14:54:00.161532	\N	t	Quality Assurance	qa.han@insuretech.com	\N	Han Soojin	$2b$10$pnu8J3dTzmxXXaX.w8UqXuu/JySVGgeO/.bTHBKxdeQ9mBLaaBicy	QA
user-ba-001	2026-01-23 14:54:00.161532	\N	2026-01-23 14:54:00.161532	\N	t	Business Analysis	ba.yoon@insuretech.com	\N	Yoon Hyemi	$2b$10$pnu8J3dTzmxXXaX.w8UqXuu/JySVGgeO/.bTHBKxdeQ9mBLaaBicy	BUSINESS_ANALYST
user-sponsor-001	2026-01-23 14:54:00.161532	\N	2026-01-23 14:54:00.161532	\N	t	Executive	sponsor.kang@insuretech.com	\N	Kang Daehyun	$2b$10$pnu8J3dTzmxXXaX.w8UqXuu/JySVGgeO/.bTHBKxdeQ9mBLaaBicy	SPONSOR
U001	2026-01-23 14:54:00.161532	\N	2026-01-23 14:54:00.161532	\N	t		sponsor@insure.com	\N		$2b$10$pnu8J3dTzmxXXaX.w8UqXuu/JySVGgeO/.bTHBKxdeQ9mBLaaBicy	SPONSOR
U005	2026-01-23 14:54:00.161532	\N	2026-01-23 14:54:00.161532	\N	t		qa@insure.com	\N		$2b$10$pnu8J3dTzmxXXaX.w8UqXuu/JySVGgeO/.bTHBKxdeQ9mBLaaBicy	QA
U006	2026-01-23 14:54:00.161532	\N	2026-01-23 14:54:00.161532	\N	t		ba@insure.com	\N		$2b$10$pnu8J3dTzmxXXaX.w8UqXuu/JySVGgeO/.bTHBKxdeQ9mBLaaBicy	BUSINESS_ANALYST
U007	2026-01-23 14:54:00.161532	\N	2026-01-23 14:54:00.161532	\N	t		auditor@insure.com	\N		$2b$10$pnu8J3dTzmxXXaX.w8UqXuu/JySVGgeO/.bTHBKxdeQ9mBLaaBicy	AUDITOR
user-admin-001	2026-01-23 14:54:00.161532	\N	2026-01-24 09:49:38.362153	admin@insuretech.com	t	IT	admin@insuretech.com	2026-01-24 09:49:38.347226	System Admin	$2b$10$pnu8J3dTzmxXXaX.w8UqXuu/JySVGgeO/.bTHBKxdeQ9mBLaaBicy	ADMIN
U004	2026-01-23 14:54:00.161532	\N	2026-01-24 19:01:19.748835	dev@insure.com	t	AI	dev@insure.com	2026-01-24 19:01:19.734224		$2b$10$pnu8J3dTzmxXXaX.w8UqXuu/JySVGgeO/.bTHBKxdeQ9mBLaaBicy	DEVELOPER
U002	2026-01-23 14:54:00.161532	\N	2026-01-26 07:27:07.359447	pmo@insure.com	t	PMO	pmo@insure.com	2026-01-26 07:27:07.303144	PMO 	$2b$10$pnu8J3dTzmxXXaX.w8UqXuu/JySVGgeO/.bTHBKxdeQ9mBLaaBicy	PMO_HEAD
U003	2026-01-23 14:54:00.161532	\N	2026-01-26 07:37:02.625952	pm@insure.com	t	IT	pm@insure.com	2026-01-26 07:37:02.61225		$2b$10$pnu8J3dTzmxXXaX.w8UqXuu/JySVGgeO/.bTHBKxdeQ9mBLaaBicy	PM
U008	2026-01-23 14:54:00.161532	\N	2026-01-26 09:19:35.958583	admin@insure.com	t	IT	admin@insure.com	2026-01-26 09:19:35.946122		$2b$10$pnu8J3dTzmxXXaX.w8UqXuu/JySVGgeO/.bTHBKxdeQ9mBLaaBicy	ADMIN
\.


--
-- Data for Name: chat_messages; Type: TABLE DATA; Schema: chat; Owner: pms_user
--

COPY chat.chat_messages (id, created_at, created_by, updated_at, updated_by, content, role, session_id) FROM stdin;
3e4467a0-72ff-49e7-9e39-1f3eeadc28b4	2026-01-23 18:53:09.843404	pm@insure.com	2026-01-23 18:53:09.843404	pm@insure.com	 	USER	07475858-47c7-4ced-b96a-cdf646b4aa2e
b05d627e-0401-4521-a244-023e76a7f79d	2026-01-23 18:53:09.938354	pm@insure.com	2026-01-23 18:53:09.938354	pm@insure.com	.  AI    .    .	ASSISTANT	07475858-47c7-4ced-b96a-cdf646b4aa2e
51765137-fe00-43f1-8fc0-32370e05c74d	2026-01-23 20:49:01.862443	pm@insure.com	2026-01-23 20:49:01.862443	pm@insure.com	   	USER	594b80dc-a39c-4a5d-8547-fc614e678436
29b2dc5c-a8de-4884-8987-f39e4929ab09	2026-01-23 20:49:02.200388	pm@insure.com	2026-01-23 20:49:02.200388	pm@insure.com	.  AI    .    .	ASSISTANT	594b80dc-a39c-4a5d-8547-fc614e678436
b4b3bbed-cd64-4d39-919b-622446e5b07e	2026-01-23 20:52:10.71321	pm@insure.com	2026-01-23 20:52:10.71321	pm@insure.com	 	USER	ebcc4516-5826-4dbf-98b8-5c5c6e865f8f
09e62bca-683a-4974-bdb6-282e63a282e6	2026-01-23 20:52:11.015799	pm@insure.com	2026-01-23 20:52:11.015799	pm@insure.com	.  AI    .    .	ASSISTANT	ebcc4516-5826-4dbf-98b8-5c5c6e865f8f
de7e93f6-475c-407b-9a11-f0b96bed5d33	2026-01-23 20:52:22.930539	pm@insure.com	2026-01-23 20:52:22.930539	pm@insure.com	 	USER	ebcc4516-5826-4dbf-98b8-5c5c6e865f8f
9b4f3506-4880-4e54-b990-79190b70dc15	2026-01-23 20:52:26.943417	pm@insure.com	2026-01-23 20:52:26.943417	pm@insure.com	.  AI    .    .	ASSISTANT	ebcc4516-5826-4dbf-98b8-5c5c6e865f8f
e678b999-57c0-47fb-80b9-57071f45c73f	2026-01-24 08:33:39.192248	pm@insure.com	2026-01-24 08:33:39.192248	pm@insure.com		USER	bd756d08-1212-4e59-84af-1e1b4c139a32
25e3a8d6-6d13-40a7-a9fd-13963ce9604f	2026-01-24 08:33:42.093072	pm@insure.com	2026-01-24 08:33:42.093072	pm@insure.com	.         .  , , , , ,     .	ASSISTANT	bd756d08-1212-4e59-84af-1e1b4c139a32
8e6b6a05-bb04-4b2d-9b8d-53299c47fff0	2026-01-24 08:40:50.824751	pmo@insure.com	2026-01-24 08:40:50.824751	pmo@insure.com		USER	32f4f282-9100-4bf6-b409-d38c468a4c9e
0bde5a24-4714-45c1-b49f-a1528876528c	2026-01-24 08:40:51.059139	pmo@insure.com	2026-01-24 08:40:51.059139	pmo@insure.com	.         .  , , , , ,     .	ASSISTANT	32f4f282-9100-4bf6-b409-d38c468a4c9e
0241ce9a-ab0f-499a-8534-9e6a9e2dc65c	2026-01-24 08:42:03.86229	pmo@insure.com	2026-01-24 08:42:03.86229	pmo@insure.com		USER	f7a05e5c-40ab-4172-b88e-71a9b351565c
ef3018bd-6785-4f4f-8111-88fa4e8ac19e	2026-01-24 08:42:04.089148	pmo@insure.com	2026-01-24 08:42:04.089148	pmo@insure.com	.         .  , , , , ,     .	ASSISTANT	f7a05e5c-40ab-4172-b88e-71a9b351565c
7978c072-d44a-44ad-833e-5c6133ffbb89	2026-01-24 09:16:33.308053	pmo@insure.com	2026-01-24 09:16:33.308053	pmo@insure.com		USER	c09919ce-865e-470f-af51-9cc1e68ccf51
60e42bed-069e-4f8d-ba4c-2c39b8afd5c9	2026-01-24 09:16:35.558615	pmo@insure.com	2026-01-24 09:16:35.558615	pmo@insure.com	.         .  , , , , ,     .	ASSISTANT	c09919ce-865e-470f-af51-9cc1e68ccf51
74dc55cf-bf98-4c3f-bcc8-b92cfa433ff5	2026-01-24 09:18:36.660125	admin@insuretech.com	2026-01-24 09:18:36.660125	admin@insuretech.com	 ?	USER	0f2cd44e-e6b1-49dc-acf2-29bd4942d607
8ee70f4f-ef20-4700-a4b2-a69c78ef7e71	2026-01-24 09:18:59.85122	pmo@insure.com	2026-01-24 09:18:59.85122	pmo@insure.com		USER	10230fd0-37a5-43f9-b9d7-45e02a815594
6f8f97a3-c651-4f61-84d6-a894e2a019a4	2026-01-24 09:19:04.113079	pmo@insure.com	2026-01-24 09:19:04.113079	pmo@insure.com	.  AI    .    .	ASSISTANT	10230fd0-37a5-43f9-b9d7-45e02a815594
4a9eeaff-1e03-46ea-973e-21b44c73d9d0	2026-01-24 09:19:04.113078	admin@insuretech.com	2026-01-24 09:19:04.113078	admin@insuretech.com	.  AI    .    .	ASSISTANT	0f2cd44e-e6b1-49dc-acf2-29bd4942d607
58f87c08-1f2a-46f8-8751-18a81228032e	2026-01-24 09:19:20.462392	pmo@insure.com	2026-01-24 09:19:20.462392	pmo@insure.com	 	USER	10230fd0-37a5-43f9-b9d7-45e02a815594
fe270297-64dd-476e-904d-1cdcdc595355	2026-01-24 09:19:20.557265	pmo@insure.com	2026-01-24 09:19:20.557265	pmo@insure.com	.  AI    .    .	ASSISTANT	10230fd0-37a5-43f9-b9d7-45e02a815594
f6d48e3a-e293-41e6-a6a1-4a2746819d8d	2026-01-24 09:22:38.572768	anonymousUser	2026-01-24 09:22:38.572768	anonymousUser	 ?	USER	938342e4-301e-4940-ae32-ca00f724523f
d58ebcb3-93f5-4e6f-8b44-5d52abe18ac7	2026-01-24 09:23:13.462346	anonymousUser	2026-01-24 09:23:13.462346	anonymousUser	          , 1986         .      ''          .\n\n   :\n\n*   **  :**         .\n*   **:**        .\n*   **  :**   ,  ()  ()      .\n\n  ,   ( ,  ,  ), ( ,  ,  ,  ),  ( ,  ) .      ,        .         ,               .	ASSISTANT	938342e4-301e-4940-ae32-ca00f724523f
ccba0dc1-d959-4acb-8e60-f5f5ee87334b	2026-01-24 09:31:58.286351	pmo@insure.com	2026-01-24 09:31:58.286351	pmo@insure.com	 	USER	4e7de0ff-7d57-4577-b71c-0a94d6b7b22d
3f09c9d3-2155-48dc-8221-cbd762c8d731	2026-01-24 09:34:28.344828	pmo@insure.com	2026-01-24 09:34:28.344828	pmo@insure.com	 	USER	4e7de0ff-7d57-4577-b71c-0a94d6b7b22d
98ca6322-5235-45c5-820e-3a40668ee3b4	2026-01-24 19:01:34.977903	dev@insure.com	2026-01-24 19:01:34.977903	dev@insure.com	 	USER	4bd0e5e6-9fc9-40c7-8aac-cd700a3e0f36
3b17818f-f8e7-449e-a001-4a5749c92eba	2026-01-24 09:32:24.727233	pmo@insure.com	2026-01-24 09:32:24.727233	pmo@insure.com	        **      **. 1986           ,      ''        .\n\n,      :\n\n*   **:** 3~12      .\n*   **:**  ,  (Product Owner), (Development Team)     .\n*   **:**  (Product Backlog),  (Sprint Backlog),     '  (Definition of Done)' .\n*   **:**  (Sprint Planning),  (Daily Scrum),  (Sprint Review),  (Sprint Retrospective)          .\n\n              .             .	ASSISTANT	4e7de0ff-7d57-4577-b71c-0a94d6b7b22d
c434afac-4bb9-46f6-a994-36befe42d865	2026-01-24 09:35:01.75303	pmo@insure.com	2026-01-24 09:35:01.75303	pmo@insure.com	   ,              . \n\n** :**\n\n*   ** :**         '' .        .  ,  1    ,  5     .\n*   ** :**   4~5    .         ,   ambitious  .\n*   ** :**     ,       .        ,        .\n*   ** :**   (Bottom-Up)   . ,      ,       .\n\n       ,        ,     .     '  ' '  '   .                 ,        .	ASSISTANT	4e7de0ff-7d57-4577-b71c-0a94d6b7b22d
ebde39d0-4086-4d71-9e5c-a757b77ba002	2026-01-24 09:43:20.502932	anonymousUser	2026-01-24 09:43:20.502932	anonymousUser	 ?	USER	e38fcb4e-de2f-402c-88e3-f25ae0223aa2
c2cb053e-3620-4322-84a6-bdaca0b7ae64	2026-01-24 09:43:52.016347	anonymousUser	2026-01-24 09:43:52.016347	anonymousUser	 **       **  . 1986       , 1993       . \n\n **   ()**     ,     .          , '  '      . \n\n  ** ,  (Proprietor),  ** ,   3~12  .    1~4 ,      .  ,  ,              . \n\n,        ,       .	ASSISTANT	e38fcb4e-de2f-402c-88e3-f25ae0223aa2
597caa47-2b85-471b-aad7-6df477324e70	2026-01-24 09:46:17.512425	anonymousUser	2026-01-24 09:46:17.512425	anonymousUser	 ?	USER	123c1948-21c1-44f3-af1c-6af261b11f47
d30c49f3-3ac4-4444-aebc-882ed5e0da94	2026-01-24 09:46:24.159331	anonymousUser	2026-01-24 09:46:24.159331	anonymousUser	        ,   ()         .	ASSISTANT	123c1948-21c1-44f3-af1c-6af261b11f47
628521a3-9574-4260-8b67-838e73326b87	2026-01-24 09:46:36.165508	anonymousUser	2026-01-24 09:46:36.165508	anonymousUser	 ?	USER	4d213d74-35c5-4bb0-90b4-45133a71f2c9
c75da89c-6b6a-4422-bd20-1a5984062be3	2026-01-24 09:46:41.541855	anonymousUser	2026-01-24 09:46:41.541855	anonymousUser	 1986    ,     (Iteration)    .            .	ASSISTANT	4d213d74-35c5-4bb0-90b4-45133a71f2c9
d4086f5b-5d7b-42fc-a5ef-dd273575828b	2026-01-24 09:46:49.009052	anonymousUser	2026-01-24 09:46:49.009052	anonymousUser	 ?	USER	61224ce1-f507-4bc4-95ba-675992013e13
1c06b583-4bc9-440f-86bb-33e67969c070	2026-01-24 09:46:55.406747	anonymousUser	2026-01-24 09:46:55.406747	anonymousUser	 1986         ,            .	ASSISTANT	61224ce1-f507-4bc4-95ba-675992013e13
d1e6a233-3049-49b4-9540-0600168fc14f	2026-01-24 09:48:58.391553	anonymousUser	2026-01-24 09:48:58.391553	anonymousUser	 ?	USER	d61cb225-0cb2-4e94-8d1f-c5d7f0a2b2a4
034aa8d1-8bd7-493e-a7b6-c80a254005c6	2026-01-24 09:49:13.422799	anonymousUser	2026-01-24 09:49:13.422799	anonymousUser	       , 1986          .         ,        .     ,  ( ,   ),     ,        .	ASSISTANT	d61cb225-0cb2-4e94-8d1f-c5d7f0a2b2a4
202174b6-5dc2-40db-96bf-347ad94aba9b	2026-01-24 09:49:38.377495	anonymousUser	2026-01-24 09:49:38.377495	anonymousUser	 ?	USER	19f9713c-4097-4e74-b320-4eb17963c800
a36ec2d6-509d-4aec-970f-7e48748ddc42	2026-01-24 19:40:43.259996	dev@insure.com	2026-01-24 19:40:43.259996	dev@insure.com		USER	275699fe-5b3a-4e8a-83e6-3be907ab38b0
f66a2dea-19ce-41f5-82f0-e86a381cf13e	2026-01-24 09:49:51.002671	anonymousUser	2026-01-24 09:49:51.002671	anonymousUser	         ,                 .    ( 2~4)   ,       ,        . ,   ,  , ,       ,       .	ASSISTANT	19f9713c-4097-4e74-b320-4eb17963c800
87f2a455-d319-4dab-a583-cd6e72c1dd66	2026-01-24 09:50:31.535979	pmo@insure.com	2026-01-24 09:50:31.535979	pmo@insure.com	 	USER	4e7de0ff-7d57-4577-b71c-0a94d6b7b22d
d5b8db97-9bfa-4334-9676-4e2c20773d6d	2026-01-24 09:51:00.095061	pmo@insure.com	2026-01-24 09:51:00.095061	pmo@insure.com	   ,    **     **. \n\n*   **:**           ,           .\n*   **:**   ( 4-5)    '  '  ,      .\n*   **:**    ,       ,             . \n*   **:**            ,      .   ,        .	ASSISTANT	4e7de0ff-7d57-4577-b71c-0a94d6b7b22d
535e111c-ccd1-445c-b26c-aeb64f101e89	2026-01-24 09:52:21.340182	pmo@insure.com	2026-01-24 09:52:21.340182	pmo@insure.com		USER	3e439c5c-994e-4a82-85c1-28cc0e7c5a59
e5b79e7f-d02c-4dba-97f3-ea4d8a8300df	2026-01-24 09:52:35.023735	pmo@insure.com	2026-01-24 09:52:35.023735	pmo@insure.com	       ,        .    ,         .   ,       .  40   1   ,      .	ASSISTANT	3e439c5c-994e-4a82-85c1-28cc0e7c5a59
909d8e15-3b75-4896-9234-ec7303aea54e	2026-01-24 17:58:40.551202	dev@insure.com	2026-01-24 17:58:40.551202	dev@insure.com		USER	0b5552af-6884-485c-81d3-a8833bfdb626
75a009b3-d5f3-481f-8a0a-b711ecc1b1c0	2026-01-24 17:58:42.984689	dev@insure.com	2026-01-24 17:58:42.984689	dev@insure.com	!   (PMS)  AI .  , , ,     !	ASSISTANT	0b5552af-6884-485c-81d3-a8833bfdb626
fb826e03-2d70-4d99-a450-6e03d9055136	2026-01-24 17:58:50.092407	dev@insure.com	2026-01-24 17:58:50.092407	dev@insure.com	 	USER	0b5552af-6884-485c-81d3-a8833bfdb626
68c87f94-a565-4264-9419-5642a10c275e	2026-01-24 17:59:02.15917	dev@insure.com	2026-01-24 17:59:02.15917	dev@insure.com	         ,      .         .  ,  ,          .    ,  ,  ,  ,        .	ASSISTANT	0b5552af-6884-485c-81d3-a8833bfdb626
882ed7a5-969e-4a17-b8e0-642f8c831001	2026-01-24 18:00:48.407389	dev@insure.com	2026-01-24 18:00:48.407389	dev@insure.com	 	USER	0b5552af-6884-485c-81d3-a8833bfdb626
d2f3066a-ca32-4b50-8011-ab7154aca1e3	2026-01-24 18:01:06.939371	dev@insure.com	2026-01-24 18:01:06.939371	dev@insure.com	               .       ,       .                .      ,        .	ASSISTANT	0b5552af-6884-485c-81d3-a8833bfdb626
10a82f7b-7b0e-4354-a035-3fa395dcb89e	2026-01-24 18:16:33.523476	pm@insure.com	2026-01-24 18:16:33.523476	pm@insure.com		USER	1488fd28-c0fa-41ee-8eb3-e9446fd27037
f51cd177-53b3-4202-a8b9-8dad81737324	2026-01-24 18:16:44.359273	pm@insure.com	2026-01-24 18:16:44.359273	pm@insure.com	     ,          .       ,  ( 2~4)     ,        .           ,            .	ASSISTANT	1488fd28-c0fa-41ee-8eb3-e9446fd27037
51d46d80-76f4-4fa3-8d98-be193ec057d5	2026-01-24 18:29:50.104059	dev@insure.com	2026-01-24 18:29:50.104059	dev@insure.com	 	USER	3004e57a-7d42-4261-8980-7fd0e718a393
681aee87-6dfe-4213-bac5-624589373ee2	2026-01-24 18:30:06.345234	dev@insure.com	2026-01-24 18:30:06.345234	dev@insure.com	    ,         .  1986        , 1993     .    ,       ,         .    ,        .	ASSISTANT	3004e57a-7d42-4261-8980-7fd0e718a393
2cef5a51-0b03-4b6f-955e-bf2e1e332642	2026-01-24 18:32:48.839347	dev@insure.com	2026-01-24 18:32:48.839347	dev@insure.com	 	USER	2d48a4b9-29a8-4f7b-91ce-fdcbf2522801
e1484ab5-265d-42ca-8c5b-0b04f96b9d25	2026-01-24 18:33:01.810381	dev@insure.com	2026-01-24 18:33:01.810381	dev@insure.com	       ''    .         , , ,  .     ,  ( ,  , ),     .          .	ASSISTANT	2d48a4b9-29a8-4f7b-91ce-fdcbf2522801
f6cbf88a-0e66-41cf-b55a-d03532488689	2026-01-24 18:38:15.673724	dev@insure.com	2026-01-24 18:38:15.673724	dev@insure.com	    	USER	2d48a4b9-29a8-4f7b-91ce-fdcbf2522801
b269b26e-1820-4ed5-9954-cce00b0500d6	2026-01-24 18:38:35.607209	dev@insure.com	2026-01-24 18:38:35.607209	dev@insure.com	                . ,  (,  )      ,         .      ,      5~10   ,      .	ASSISTANT	2d48a4b9-29a8-4f7b-91ce-fdcbf2522801
7e42b195-4d1c-4feb-af2c-7ebdd3f239d4	2026-01-24 18:39:51.1686	dev@insure.com	2026-01-24 18:39:51.1686	dev@insure.com	WBS	USER	2d48a4b9-29a8-4f7b-91ce-fdcbf2522801
653c7705-1cb1-47d3-8bdb-8d1cb0f2dbd7	2026-01-24 18:40:05.448473	dev@insure.com	2026-01-24 18:40:05.448473	dev@insure.com	WBS(Work Breakdown Structure)          .  , ,      ,         . ,     , ,     . WBS              .	ASSISTANT	2d48a4b9-29a8-4f7b-91ce-fdcbf2522801
ca005f9b-8c64-4e3c-84d3-a8e5273ea93e	2026-01-24 18:40:53.218992	dev@insure.com	2026-01-24 18:40:53.218992	dev@insure.com	WBS  	USER	2d48a4b9-29a8-4f7b-91ce-fdcbf2522801
ae36a97d-f642-49a4-9652-56eed9d0d300	2026-01-24 18:41:09.432922	dev@insure.com	2026-01-24 18:41:09.432922	dev@insure.com	WBS     (Top-Down)     .       ,         .     ,   ,       .   WBS     ,    ,            .	ASSISTANT	2d48a4b9-29a8-4f7b-91ce-fdcbf2522801
061efaac-3494-40a9-bb7b-90b67195e171	2026-01-24 18:45:06.057078	dev@insure.com	2026-01-24 18:45:06.057078	dev@insure.com	WBS   	USER	2d48a4b9-29a8-4f7b-91ce-fdcbf2522801
80bc387c-3c4b-441c-ab62-c49499397020	2026-01-24 18:45:10.950722	dev@insure.com	2026-01-24 18:45:10.950722	dev@insure.com	WBS     :\n\n1. **    **:      ,    WBS  .\n\n2. ** **:        ,     .\n\n3. **WBS  **:    (Level 1, Level 2, Level 3) , Level 1   , Level 2   , Level 3     .\n\n4. ** **:     ,       .\n\n5. **  **:         .\n\n6. **   **:    , ,   WBS ,    .\n\n7. **  **:   WBS  ,    .\n\n8. **  **: WBS  ,  , ,      .\n\n     WBS    .	ASSISTANT	2d48a4b9-29a8-4f7b-91ce-fdcbf2522801
d4341875-9b78-4603-89de-a8d99c855580	2026-01-24 18:45:51.293438	dev@insure.com	2026-01-24 18:45:51.293438	dev@insure.com	 	USER	2d48a4b9-29a8-4f7b-91ce-fdcbf2522801
c4daf39d-43f3-48cf-a3a3-bedd1673f509	2026-01-24 18:46:12.887974	dev@insure.com	2026-01-24 18:46:12.887974	dev@insure.com	 (Planning Poker)          (Top-Down)  .      , ,       ,    '   '    .           ,       . ,             .	ASSISTANT	2d48a4b9-29a8-4f7b-91ce-fdcbf2522801
74ec4298-beeb-47c9-aa28-a740f10776c9	2026-01-24 18:46:36.3559	dev@insure.com	2026-01-24 18:46:36.3559	dev@insure.com	 	USER	2d48a4b9-29a8-4f7b-91ce-fdcbf2522801
28a4c232-f11c-47e7-a1a1-d99afec77881	2026-01-24 18:46:57.216802	dev@insure.com	2026-01-24 18:46:57.216802	dev@insure.com	     , ,   ,      (Bottom-up)  .                  .         ,            .      ,      .  ,     ,      ,          .	ASSISTANT	2d48a4b9-29a8-4f7b-91ce-fdcbf2522801
dd2c9bf6-efb4-423f-b0f6-f39c233a6b70	2026-01-24 19:01:53.677541	dev@insure.com	2026-01-24 19:01:53.677541	dev@insure.com	           .         ,         ,        .     ,        .        ,      .	ASSISTANT	4bd0e5e6-9fc9-40c7-8aac-cd700a3e0f36
2395614f-dab6-4898-be20-d3a948fc8a6f	2026-01-24 19:03:16.63169	dev@insure.com	2026-01-24 19:03:16.63169	dev@insure.com	     	USER	4bd0e5e6-9fc9-40c7-8aac-cd700a3e0f36
d97a255f-b176-4150-9125-31a6f3195e6e	2026-01-24 19:03:35.97905	dev@insure.com	2026-01-24 19:03:35.97905	dev@insure.com	        ,     .        ,          .  CPM             .         ,        .	ASSISTANT	4bd0e5e6-9fc9-40c7-8aac-cd700a3e0f36
96d0c2ef-9454-4ae9-827f-fa8de8b476be	2026-01-24 19:05:47.809976	dev@insure.com	2026-01-24 19:05:47.809976	dev@insure.com	 	USER	4bd0e5e6-9fc9-40c7-8aac-cd700a3e0f36
e398c97e-94f2-457d-82f3-99a1eb2f862e	2026-01-24 19:06:10.376461	dev@insure.com	2026-01-24 19:06:10.376461	dev@insure.com	          ,         .           ,       .         ,        .       ,         .	ASSISTANT	4bd0e5e6-9fc9-40c7-8aac-cd700a3e0f36
4c2b1b60-6dad-4963-b07a-2509cd372b6f	2026-01-24 19:10:01.104971	dev@insure.com	2026-01-24 19:10:01.104971	dev@insure.com	 	USER	4bd0e5e6-9fc9-40c7-8aac-cd700a3e0f36
ecd84867-29db-4d98-af5b-2220e2783f85	2026-01-24 19:10:22.456785	dev@insure.com	2026-01-24 19:10:22.456785	dev@insure.com	    ,         ,    .         ,      .  ,               .   CPM  ,           .	ASSISTANT	4bd0e5e6-9fc9-40c7-8aac-cd700a3e0f36
84d195ef-6b30-4213-97be-d5835baf5774	2026-01-24 19:15:09.667788	dev@insure.com	2026-01-24 19:15:09.667788	dev@insure.com	 	USER	4bd0e5e6-9fc9-40c7-8aac-cd700a3e0f36
65605596-f0d4-4540-bf0e-1f88f2c3d76a	2026-01-24 19:15:31.871844	dev@insure.com	2026-01-24 19:15:31.871844	dev@insure.com	       ,       .           ,              .      ,        . ,      ,          .	ASSISTANT	4bd0e5e6-9fc9-40c7-8aac-cd700a3e0f36
819afab2-18ce-48c4-ac83-92bba8c6aed9	2026-01-24 19:18:38.173561	dev@insure.com	2026-01-24 19:18:38.173561	dev@insure.com	 	USER	4bd0e5e6-9fc9-40c7-8aac-cd700a3e0f36
c46cd7bf-a57c-4062-ae8b-3a92a0c02287	2026-01-24 19:19:02.001897	dev@insure.com	2026-01-24 19:19:02.001897	dev@insure.com	            ,             .            ,           .  ,      ,                .              .	ASSISTANT	4bd0e5e6-9fc9-40c7-8aac-cd700a3e0f36
62f5dd8f-af39-468c-b8a3-a6af607a3e41	2026-01-24 19:37:07.26468	dev@insure.com	2026-01-24 19:37:07.26468	dev@insure.com		USER	275699fe-5b3a-4e8a-83e6-3be907ab38b0
f069efab-49da-4e87-af0f-3bdef7cdd702	2026-01-24 19:37:15.512299	dev@insure.com	2026-01-24 19:37:15.512299	dev@insure.com	     ()         .   ( ,  , ), ( ,  , , ),  ( ,  , ) .   ,      .	ASSISTANT	275699fe-5b3a-4e8a-83e6-3be907ab38b0
7b05a9fa-c861-462d-9aa4-e82cda7336a1	2026-01-24 19:39:13.092341	dev@insure.com	2026-01-24 19:39:13.092341	dev@insure.com		USER	275699fe-5b3a-4e8a-83e6-3be907ab38b0
ac3bdb8a-e8e9-43da-b581-02380dcc7815	2026-01-24 19:39:21.829214	dev@insure.com	2026-01-24 19:39:21.829214	dev@insure.com	    ,          .    ,  ,  ,  ,  , ,         .             .	ASSISTANT	275699fe-5b3a-4e8a-83e6-3be907ab38b0
99ac3b06-ba3c-426f-acca-af0bf3c542c8	2026-01-24 19:40:45.260506	dev@insure.com	2026-01-24 19:40:45.260506	dev@insure.com	,        , , ,   PMS     !	ASSISTANT	275699fe-5b3a-4e8a-83e6-3be907ab38b0
f34fa34c-aed0-46ba-a75c-e02eedd4951c	2026-01-24 19:40:51.563169	dev@insure.com	2026-01-24 19:40:51.563169	dev@insure.com		USER	275699fe-5b3a-4e8a-83e6-3be907ab38b0
394bf5b3-33fc-467a-8f8b-1046c9d9ee08	2026-01-24 19:40:51.787377	dev@insure.com	2026-01-24 19:40:51.787377	dev@insure.com	,        , , ,   PMS     !	ASSISTANT	275699fe-5b3a-4e8a-83e6-3be907ab38b0
c60b9de6-ef3b-488f-aa36-8ef86e2bf081	2026-01-24 19:41:07.810509	pm@insure.com	2026-01-24 19:41:07.810509	pm@insure.com		USER	1a92c61e-61bd-4539-a8e9-b01852d67af5
4752ee8b-b21b-4167-a9f3-b1d16b39f49a	2026-01-24 19:41:08.053994	pm@insure.com	2026-01-24 19:41:08.053994	pm@insure.com	,        , , ,   PMS     !	ASSISTANT	1a92c61e-61bd-4539-a8e9-b01852d67af5
7a3c876d-c8f2-49b1-873e-3eee47c87f99	2026-01-24 19:41:11.935274	pm@insure.com	2026-01-24 19:41:11.935274	pm@insure.com		USER	1a92c61e-61bd-4539-a8e9-b01852d67af5
c6488c7e-1996-48a2-beb6-2c0f12f8b2e1	2026-01-24 19:41:12.185006	pm@insure.com	2026-01-24 19:41:12.185006	pm@insure.com	,        , , ,   PMS     !	ASSISTANT	1a92c61e-61bd-4539-a8e9-b01852d67af5
f2257d99-bab3-439a-823a-dac2f346a482	2026-01-24 19:41:17.597901	pm@insure.com	2026-01-24 19:41:17.597901	pm@insure.com	 	USER	1a92c61e-61bd-4539-a8e9-b01852d67af5
87dcdd36-a8c6-43c6-a26a-b8067ed1b6ae	2026-01-24 19:41:17.836588	pm@insure.com	2026-01-24 19:41:17.836588	pm@insure.com	,        , , ,   PMS     !	ASSISTANT	1a92c61e-61bd-4539-a8e9-b01852d67af5
c2cba007-b697-4112-bb5b-dc948c22b4e9	2026-01-24 19:46:24.694815	pm@insure.com	2026-01-24 19:46:24.694815	pm@insure.com		USER	1a92c61e-61bd-4539-a8e9-b01852d67af5
ee4be09a-2ea3-4a16-aa76-e0c51a5cf6ef	2026-01-24 19:46:48.359811	pm@insure.com	2026-01-24 19:46:48.359811	pm@insure.com	     ,                .\n\n###   \n(Scrum)    ( )   , ,       .         ,       .\n\n###   \n- **  :**        .  \n- **   :**          .  \n- **  :**           .  \n- **    :**         .\n\n###    \n1. **  (Sprint):**  1~4    .  \n2. ** :**  ( ),  ,  ,       .  \n3. ** :**  \n   - ** :**          .  \n   - ** (Product Owner):**       .	ASSISTANT	1a92c61e-61bd-4539-a8e9-b01852d67af5
4072d03d-85bf-4648-b2ef-cc067827d66d	2026-01-24 19:47:12.542187	pm@insure.com	2026-01-24 19:47:12.542187	pm@insure.com	 	USER	1a92c61e-61bd-4539-a8e9-b01852d67af5
4eeae6d4-7bf4-4a5e-bea6-d0a30a82e3ee	2026-01-24 19:47:51.117162	pm@insure.com	2026-01-24 19:47:51.117162	pm@insure.com	 (Planning Poker)   (Story Points)         .             13   ,     .\n\n###    \n-        ,           .  \n-         ,        .  \n-   ,       .\n\n###    \n- ** (Top-Down Planning):**          .  \n- ** :**      ,        .  \n- **  :**   ,           .\n\n###    \n- **13 :**   1, 2, 3, 5, 8, 13    .        .  \n- ** :**    ()    ,   .  \n- ** :**        ,     .\n\n,         ,        .	ASSISTANT	1a92c61e-61bd-4539-a8e9-b01852d67af5
63116aa6-13ab-4540-8e2b-1571647aa919	2026-01-24 19:50:32.123602	pm@insure.com	2026-01-24 19:50:32.123602	pm@insure.com		USER	1a92c61e-61bd-4539-a8e9-b01852d67af5
3b8bdd6b-8d17-4d60-93b4-e3d2f038e1a2	2026-01-24 19:50:51.527121	pm@insure.com	2026-01-24 19:50:51.527121	pm@insure.com	           ,     .   1986      ,         .   1~4    ,         .    ,  ,    ,     ,      .     ,     ,        .	ASSISTANT	1a92c61e-61bd-4539-a8e9-b01852d67af5
d095d0a9-755d-4aa5-8a5c-7777d55e7636	2026-01-24 19:51:54.303815	pm@insure.com	2026-01-24 19:51:54.303815	pm@insure.com	 	USER	ec5f0fc6-2d0e-4921-b1b4-106c319bcc50
1c8e4cc2-3d3b-4676-8dcd-5b0c3d4b332b	2026-01-24 19:52:11.566802	pm@insure.com	2026-01-24 19:52:11.566802	pm@insure.com	    13           .       ,         .       ,       .      ,      '   '   .       ,        .            .	ASSISTANT	ec5f0fc6-2d0e-4921-b1b4-106c319bcc50
502f756c-5ca5-4c42-a922-2c9cc80083a0	2026-01-24 19:55:48.791895	pm@insure.com	2026-01-24 19:55:48.791895	pm@insure.com		USER	ec5f0fc6-2d0e-4921-b1b4-106c319bcc50
eaa86ce0-aa0a-490d-aa6b-1b9dd5156ee4	2026-01-24 19:55:48.853675	pm@insure.com	2026-01-24 19:55:48.853675	pm@insure.com	.  AI    .    .	ASSISTANT	ec5f0fc6-2d0e-4921-b1b4-106c319bcc50
5812c8c5-b8eb-4bde-aaad-54c08fb7089c	2026-01-24 19:55:54.083482	pm@insure.com	2026-01-24 19:55:54.083482	pm@insure.com		USER	ec5f0fc6-2d0e-4921-b1b4-106c319bcc50
d6aa56bd-ec29-499e-b7f1-bb2141a00590	2026-01-24 19:56:12.227216	pm@insure.com	2026-01-24 19:56:12.227216	pm@insure.com	**(Scrum)** (Agile)    ,    **(Sprint)**    ,     .    :\n\n### \n         ,     .   ( 1~4)    ,  ( )     .\n\n###  \n1. **  (Autonomous Team):**  \n        .\n\n2. ** (Sprints):**  \n          .\n\n3. **  :**  \n        	ASSISTANT	ec5f0fc6-2d0e-4921-b1b4-106c319bcc50
147806bd-feda-4297-bd52-4df205cdcafa	2026-01-24 19:58:19.147571	pm@insure.com	2026-01-24 19:58:19.147571	pm@insure.com		USER	ec5f0fc6-2d0e-4921-b1b4-106c319bcc50
6302a58f-1e80-41bf-bd82-17e1e74bad06	2026-01-24 19:58:41.274734	pm@insure.com	2026-01-24 19:58:41.274734	pm@insure.com	**(Scrum)**     ,          . 1986          **(Sprint)**   ,   ,  ,        .  \n\n###    \n- **  :**     .  \n- ** :**  1~4       .  \n- **   :**       .  \n- **  :**         .  \n- **  :**  (Scrum Master),  (Product Owner), (Development Team)   .  \n\n              .	ASSISTANT	ec5f0fc6-2d0e-4921-b1b4-106c319bcc50
07aaa7d6-bf08-4b88-b889-a9c7d369adcc	2026-01-24 19:59:02.433986	pm@insure.com	2026-01-24 19:59:02.433986	pm@insure.com	 	USER	ec5f0fc6-2d0e-4921-b1b4-106c319bcc50
3547271f-fcec-4f94-af9d-8230206300b5	2026-01-24 19:59:35.315572	pm@insure.com	2026-01-24 19:59:35.315572	pm@insure.com	** (Planning Poker)**         .            , **     **.  \n\n###    \n- **  **:          ,     .  \n- ** **:  ,            ,   .  \n- **  **:  , ,       ,    .  \n- ** **:        ,        .  \n\n    ,           .  ,    ,               .	ASSISTANT	ec5f0fc6-2d0e-4921-b1b4-106c319bcc50
18ab7df5-6cca-4386-9e2f-623df682b6e9	2026-01-26 07:56:28.840148	pm@insure.com	2026-01-26 07:56:28.840148	pm@insure.com		USER	e674b9df-f4ef-4539-9a91-d097d7bbd5ab
0e28a2eb-9200-4a2c-9412-c26b9c37e3bb	2026-01-26 07:56:31.605645	pm@insure.com	2026-01-26 07:56:31.605645	pm@insure.com	! PMS    , ,        !	ASSISTANT	e674b9df-f4ef-4539-9a91-d097d7bbd5ab
6f3b5cc8-f284-4164-9155-e9a26866443d	2026-01-26 07:56:38.912688	pm@insure.com	2026-01-26 07:56:38.912688	pm@insure.com	 	USER	e674b9df-f4ef-4539-9a91-d097d7bbd5ab
0dbea6ff-a9b7-4cd8-9bd9-b782472e53ce	2026-01-26 07:57:04.285579	pm@insure.com	2026-01-26 07:57:04.285579	pm@insure.com	!   .\n\n**** 1986                 .    :\n\n### :\n   (   )   **    **.    ,  ,  ( ,  ,   )    .\n\n###  :\n1. **   (Self-Organizing Teams):**  \n        ,    .    ,   .\n\n2. **  (Iterative Development):**  \n       () ,     ,  .\n\n3. **  (Ceremonies):**  \n   - **  (Daily Scrum):**    15 ,     .  \n   - **   (Sprint Planning):**       .  \n   - **  (Sprint Review):**    /  .  \n   - **  (Sprint Retrospective):**   	ASSISTANT	e674b9df-f4ef-4539-9a91-d097d7bbd5ab
70a8b280-bc73-4351-9af2-279ac00bce77	2026-01-26 08:13:07.248085	pm@insure.com	2026-01-26 08:13:07.248085	pm@insure.com	 	USER	7210f8c0-8f35-4e57-b201-267be8a13b01
61ee2702-278b-43ad-ae4e-f0cd6c1f26d9	2026-01-26 08:13:07.314301	pm@insure.com	2026-01-26 08:13:07.314301	pm@insure.com	.  AI    .    .	ASSISTANT	7210f8c0-8f35-4e57-b201-267be8a13b01
77884c1d-d4f4-4ef1-9970-fa61512b7534	2026-01-26 08:13:20.298134	pm@insure.com	2026-01-26 08:13:20.298134	pm@insure.com	 	USER	a4c25bfd-4a7d-46dd-9493-c87a928e7f84
10855e70-2585-435a-9b42-6d2fc9e6d9a8	2026-01-26 08:13:45.51638	pm@insure.com	2026-01-26 08:13:45.51638	pm@insure.com	****(Scrum) (Agile)     ,                .\n\n### \n         ,           .\n\n###  \n1. **  **:        .\n2. **   ()**:  2~4     ,       .\n3. ** **:         .\n4. ** **:  (Product Owner),  (Scrum Master),  (Development Team)      .\n5. ** **:     (Retrospective)    .\n6. **  **:   (Daily Stand-up),  (Sprint Review),  (Sprint Retrospective)        .\n\n,         ,       .	ASSISTANT	a4c25bfd-4a7d-46dd-9493-c87a928e7f84
\.


--
-- Data for Name: chat_sessions; Type: TABLE DATA; Schema: chat; Owner: pms_user
--

COPY chat.chat_sessions (id, created_at, created_by, updated_at, updated_by, active, title, user_id) FROM stdin;
07475858-47c7-4ced-b96a-cdf646b4aa2e	2026-01-23 18:53:09.838708	pm@insure.com	2026-01-23 18:53:09.838708	pm@insure.com	t	New Chat	U003
594b80dc-a39c-4a5d-8547-fc614e678436	2026-01-23 20:49:01.858584	pm@insure.com	2026-01-23 20:49:01.858584	pm@insure.com	t	New Chat	U003
ebcc4516-5826-4dbf-98b8-5c5c6e865f8f	2026-01-23 20:52:10.704573	pm@insure.com	2026-01-23 20:52:10.704573	pm@insure.com	t	New Chat	U003
bd756d08-1212-4e59-84af-1e1b4c139a32	2026-01-24 08:33:39.184158	pm@insure.com	2026-01-24 08:33:39.184158	pm@insure.com	t	New Chat	U003
32f4f282-9100-4bf6-b409-d38c468a4c9e	2026-01-24 08:40:50.824541	pmo@insure.com	2026-01-24 08:40:50.824541	pmo@insure.com	t	New Chat	U002
f7a05e5c-40ab-4172-b88e-71a9b351565c	2026-01-24 08:42:03.862064	pmo@insure.com	2026-01-24 08:42:03.862064	pmo@insure.com	t	New Chat	U002
c09919ce-865e-470f-af51-9cc1e68ccf51	2026-01-24 09:16:33.301963	pmo@insure.com	2026-01-24 09:16:33.301963	pmo@insure.com	t	New Chat	U002
0f2cd44e-e6b1-49dc-acf2-29bd4942d607	2026-01-24 09:18:36.65987	admin@insuretech.com	2026-01-24 09:18:36.65987	admin@insuretech.com	t	New Chat	user-admin-001
10230fd0-37a5-43f9-b9d7-45e02a815594	2026-01-24 09:18:59.850844	pmo@insure.com	2026-01-24 09:18:59.850844	pmo@insure.com	t	New Chat	U002
938342e4-301e-4940-ae32-ca00f724523f	2026-01-24 09:22:38.572538	anonymousUser	2026-01-24 09:22:38.572538	anonymousUser	t	New Chat	guest
4e7de0ff-7d57-4577-b71c-0a94d6b7b22d	2026-01-24 09:31:58.286085	pmo@insure.com	2026-01-24 09:31:58.286085	pmo@insure.com	t	New Chat	U002
e38fcb4e-de2f-402c-88e3-f25ae0223aa2	2026-01-24 09:43:20.502583	anonymousUser	2026-01-24 09:43:20.502583	anonymousUser	t	New Chat	guest
123c1948-21c1-44f3-af1c-6af261b11f47	2026-01-24 09:46:17.512154	anonymousUser	2026-01-24 09:46:17.512154	anonymousUser	t	New Chat	guest
4d213d74-35c5-4bb0-90b4-45133a71f2c9	2026-01-24 09:46:36.165203	anonymousUser	2026-01-24 09:46:36.165203	anonymousUser	t	New Chat	guest
61224ce1-f507-4bc4-95ba-675992013e13	2026-01-24 09:46:49.008842	anonymousUser	2026-01-24 09:46:49.008842	anonymousUser	t	New Chat	guest
d61cb225-0cb2-4e94-8d1f-c5d7f0a2b2a4	2026-01-24 09:48:58.391265	anonymousUser	2026-01-24 09:48:58.391265	anonymousUser	t	New Chat	guest
19f9713c-4097-4e74-b320-4eb17963c800	2026-01-24 09:49:38.377256	anonymousUser	2026-01-24 09:49:38.377256	anonymousUser	t	New Chat	guest
3e439c5c-994e-4a82-85c1-28cc0e7c5a59	2026-01-24 09:52:21.339976	pmo@insure.com	2026-01-24 09:52:21.339976	pmo@insure.com	t	New Chat	U002
0b5552af-6884-485c-81d3-a8833bfdb626	2026-01-24 17:58:40.546861	dev@insure.com	2026-01-24 17:58:40.546861	dev@insure.com	t	New Chat	U004
1488fd28-c0fa-41ee-8eb3-e9446fd27037	2026-01-24 18:16:33.523264	pm@insure.com	2026-01-24 18:16:33.523264	pm@insure.com	t	New Chat	U003
3004e57a-7d42-4261-8980-7fd0e718a393	2026-01-24 18:29:50.103799	dev@insure.com	2026-01-24 18:29:50.103799	dev@insure.com	t	New Chat	U004
2d48a4b9-29a8-4f7b-91ce-fdcbf2522801	2026-01-24 18:32:48.839129	dev@insure.com	2026-01-24 18:32:48.839129	dev@insure.com	t	New Chat	U004
4bd0e5e6-9fc9-40c7-8aac-cd700a3e0f36	2026-01-24 19:01:34.977719	dev@insure.com	2026-01-24 19:01:34.977719	dev@insure.com	t	New Chat	U004
275699fe-5b3a-4e8a-83e6-3be907ab38b0	2026-01-24 19:37:07.264428	dev@insure.com	2026-01-24 19:37:07.264428	dev@insure.com	t	New Chat	U004
1a92c61e-61bd-4539-a8e9-b01852d67af5	2026-01-24 19:41:07.81032	pm@insure.com	2026-01-24 19:41:07.81032	pm@insure.com	t	New Chat	U003
ec5f0fc6-2d0e-4921-b1b4-106c319bcc50	2026-01-24 19:51:54.303614	pm@insure.com	2026-01-24 19:51:54.303614	pm@insure.com	t	New Chat	U003
e674b9df-f4ef-4539-9a91-d097d7bbd5ab	2026-01-26 07:56:28.835215	pm@insure.com	2026-01-26 07:56:28.835215	pm@insure.com	t	New Chat	U003
7210f8c0-8f35-4e57-b201-267be8a13b01	2026-01-26 08:13:07.247873	pm@insure.com	2026-01-26 08:13:07.247873	pm@insure.com	t	New Chat	U003
a4c25bfd-4a7d-46dd-9493-c87a928e7f84	2026-01-26 08:13:20.297936	pm@insure.com	2026-01-26 08:13:20.297936	pm@insure.com	t	New Chat	U003
\.


--
-- Data for Name: backlog_items; Type: TABLE DATA; Schema: project; Owner: pms_user
--

COPY project.backlog_items (id, created_at, created_by, updated_at, updated_by, acceptance_criteria, epic_id, estimated_effort_hours, origin_type, priority_order, sprint_id, status, story_points, backlog_id, epic_id_ref, requirement_id) FROM stdin;
bi-001-01	2026-01-26 08:56:33.012176	user-pm-001	2026-01-26 08:56:33.012176	\N	1. OCR  99% \\n2.   2 \\n3.    	\N	40	REQUIREMENT	1	\N	SPRINT	8	backlog-001	epic-001-01	req-001-01
bi-001-02	2026-01-26 08:56:33.012176	user-pm-001	2026-01-26 08:56:33.012176	\N	1.   95% \\n2.  5% \\n3.   	\N	60	REQUIREMENT	2	\N	SELECTED	13	backlog-001	epic-001-02	req-001-02
bi-001-03	2026-01-26 08:56:33.012176	user-pm-001	2026-01-26 08:56:33.012176	\N	1. RESTful API \\n2. OpenAPI \\n3.   	\N	32	REQUIREMENT	3	\N	BACKLOG	8	backlog-001	epic-001-03	req-001-03
bi-001-04	2026-01-26 08:56:33.012176	user-pm-001	2026-01-26 08:56:33.012176	\N	1. ESB  \\n2.   \\n3.   	\N	48	REQUIREMENT	4	\N	BACKLOG	13	backlog-001	epic-001-03	req-001-04
bi-001-05	2026-01-26 08:56:33.012176	user-pm-001	2026-01-26 08:56:33.012176	\N	1. AES-256  \\n2. TLS 1.3 \\n3.     	\N	24	REQUIREMENT	5	\N	BACKLOG	5	backlog-001	epic-001-04	req-001-05
bi-001-06	2026-01-26 08:56:33.012176	user-pm-001	2026-01-26 08:56:33.012176	\N	1. 1000   \\n2.   2 \\n3. CPU  70% 	\N	32	REQUIREMENT	6	\N	BACKLOG	8	backlog-001	epic-001-05	req-001-06
bi-002-01	2026-01-26 08:56:33.012176	user-pm-002	2026-01-26 08:56:33.012176	\N	1.  \\n2. PIN  \\n3.  	\N	20	REQUIREMENT	1	\N	BACKLOG	5	backlog-002	epic-002-02	req-002-01
bi-002-02	2026-01-26 08:56:33.012176	user-pm-002	2026-01-26 08:56:33.012176	\N	1.   \\n2.   \\n3.  	\N	32	REQUIREMENT	2	\N	BACKLOG	8	backlog-002	epic-002-01	req-002-02
bi-002-03	2026-01-26 08:56:33.012176	user-pm-002	2026-01-26 08:56:33.012176	\N	1.   \\n2.   \\n3.   	\N	48	REQUIREMENT	3	\N	BACKLOG	13	backlog-002	epic-002-02	req-002-03
bi-002-04	2026-01-26 08:56:33.012176	user-pm-002	2026-01-26 08:56:33.012176	\N	1.   \\n2.   \\n3.  	\N	16	REQUIREMENT	4	\N	BACKLOG	5	backlog-002	epic-002-02	req-002-04
bi-002-05	2026-01-26 08:56:33.012176	user-pm-002	2026-01-26 08:56:33.012176	\N	1.   \\n2.    \\n3.   	\N	40	REQUIREMENT	5	\N	BACKLOG	8	backlog-002	epic-002-02	req-002-05
\.


--
-- Data for Name: backlogs; Type: TABLE DATA; Schema: project; Owner: pms_user
--

COPY project.backlogs (id, created_at, created_by, updated_at, updated_by, description, name, project_id, status) FROM stdin;
backlog-001	2026-01-26 08:56:33.009854	user-pm-001	2026-01-26 08:56:33.009854	\N	AI     	AI  Product Backlog	proj-001	ACTIVE
backlog-002	2026-01-26 08:56:33.009854	user-pm-002	2026-01-26 08:56:33.009854	\N	    	  Product Backlog	proj-002	ACTIVE
\.


--
-- Data for Name: deliverables; Type: TABLE DATA; Schema: project; Owner: pms_user
--

COPY project.deliverables (id, created_at, created_by, updated_at, updated_by, approved_at, approver, description, file_name, file_path, file_size, name, status, type, uploaded_by, phase_id) FROM stdin;
\.


--
-- Data for Name: education_histories; Type: TABLE DATA; Schema: project; Owner: pms_user
--

COPY project.education_histories (id, created_at, created_by, updated_at, updated_by, certificate_issued, completed_at, completion_status, feedback, participant_department, participant_id, participant_name, registered_at, score, session_id) FROM stdin;
\.


--
-- Data for Name: education_roadmaps; Type: TABLE DATA; Schema: project; Owner: pms_user
--

COPY project.education_roadmaps (id, created_at, created_by, updated_at, updated_by, description, is_required, level, order_num, target_role, education_id) FROM stdin;
\.


--
-- Data for Name: education_sessions; Type: TABLE DATA; Schema: project; Owner: pms_user
--

COPY project.education_sessions (id, created_at, created_by, updated_at, updated_by, current_participants, end_at, instructor, location, max_participants, notes, scheduled_at, session_name, status, education_id) FROM stdin;
\.


--
-- Data for Name: educations; Type: TABLE DATA; Schema: project; Owner: pms_user
--

COPY project.educations (id, created_at, created_by, updated_at, updated_by, category, description, duration_hours, education_type, instructor, is_active, learning_objectives, materials, prerequisites, target_role, title) FROM stdin;
\.


--
-- Data for Name: epics; Type: TABLE DATA; Schema: project; Owner: pms_user
--

COPY project.epics (id, created_at, created_by, updated_at, updated_by, business_value, description, goal, item_count, name, owner_id, project_id, status, target_completion_date, total_story_points, phase_id, color, progress, priority) FROM stdin;
epic-001-01	2026-01-26 08:56:32.926223	user-pm-001	2026-01-26 08:56:32.926223	\N	90	AI   OCR    	   70% 	5	  	user-dev-002	proj-001	ACTIVE	2026-04-15	26	phase-001-03	#3B82F6	45	CRITICAL
epic-001-02	2026-01-26 08:56:32.926223	user-pm-001	2026-01-26 08:56:32.926223	\N	95	ML      	  95%  	7	  	user-dev-002	proj-001	ACTIVE	2026-05-01	34	phase-001-03	#EF4444	30	CRITICAL
epic-001-03	2026-01-26 08:56:32.926223	user-pm-001	2026-01-26 08:56:32.926223	\N	80	RESTful API    	   100% 	4	API  	user-dev-001	proj-001	DRAFT	2026-05-15	21	phase-001-04	#10B981	10	HIGH
epic-001-04	2026-01-26 08:56:32.926223	user-pm-001	2026-01-26 08:56:32.926223	\N	100	     	   	3	  	user-dev-003	proj-001	DRAFT	2026-06-01	13	phase-001-04	#8B5CF6	5	CRITICAL
epic-001-05	2026-01-26 08:56:32.926223	user-pm-001	2026-01-26 08:56:32.926223	\N	70	E2E     	  90% 	4	  	user-qa-001	proj-001	DRAFT	2026-06-15	18	phase-001-05	#F59E0B	0	HIGH
epic-001-06	2026-01-26 08:56:32.926223	user-pm-001	2026-01-26 08:56:32.926223	\N	85	     	   	3	   	user-dev-001	proj-001	DRAFT	2026-06-30	15	phase-001-06	#6366F1	0	MEDIUM
epic-002-01	2026-01-26 08:56:32.926223	user-pm-002	2026-01-26 08:56:32.926223	\N	85	  UX/UI 	  4.5 	3	  	user-ba-001	proj-002	ACTIVE	2026-03-31	13	phase-002-02	#EC4899	25	HIGH
epic-002-02	2026-01-26 08:56:32.926223	user-pm-002	2026-01-26 08:56:32.926223	\N	90	iOS/Android   	MVP 1.0 	8	  	user-dev-001	proj-002	DRAFT	2026-06-30	40	phase-002-03	#14B8A6	5	CRITICAL
epic-002-03	2026-01-26 08:56:32.926223	user-pm-002	2026-01-26 08:56:32.926223	\N	80	   API	API  200ms 	5	 API 	user-dev-003	proj-002	DRAFT	2026-06-15	21	phase-002-04	#F97316	0	HIGH
\.


--
-- Data for Name: features; Type: TABLE DATA; Schema: project; Owner: pms_user
--

COPY project.features (id, epic_id, wbs_group_id, name, description, status, priority, order_num, created_at, updated_at, created_by, updated_by) FROM stdin;
feat-001-03	epic-001-01	\N	  	    	OPEN	HIGH	3	2026-01-26 08:56:32.941048	2026-01-26 08:56:32.941048	user-pm-001	\N
feat-002-03	epic-001-02	\N	  	   	OPEN	MEDIUM	3	2026-01-26 08:56:32.941048	2026-01-26 08:56:32.941048	user-pm-001	\N
feat-003-02	epic-001-03	\N	/ 	OAuth2   	OPEN	CRITICAL	2	2026-01-26 08:56:32.941048	2026-01-26 08:56:32.941048	user-pm-001	\N
feat-004-02	epic-001-04	\N	 	   	OPEN	HIGH	2	2026-01-26 08:56:32.941048	2026-01-26 08:56:32.941048	user-pm-001	\N
feat-001-01	epic-001-01	wg-001-03-02	OCR  	 OCR     	IN_PROGRESS	CRITICAL	1	2026-01-26 08:56:32.941048	2026-01-26 08:56:32.941048	user-pm-001	\N
feat-001-02	epic-001-01	wg-001-03-02	  AI	    	IN_PROGRESS	HIGH	2	2026-01-26 08:56:32.941048	2026-01-26 08:56:32.941048	user-pm-001	\N
feat-002-01	epic-001-02	wg-001-03-03	  	   ML 	IN_PROGRESS	CRITICAL	1	2026-01-26 08:56:32.941048	2026-01-26 08:56:32.941048	user-pm-001	\N
feat-002-02	epic-001-02	wg-001-03-03	  	    	OPEN	HIGH	2	2026-01-26 08:56:32.941048	2026-01-26 08:56:32.941048	user-pm-001	\N
feat-003-01	epic-001-03	wg-001-04-01	  API	  CRUD API	OPEN	HIGH	1	2026-01-26 08:56:32.941048	2026-01-26 08:56:32.941048	user-pm-001	\N
feat-004-01	epic-001-04	wg-001-04-02	 	AES-256  	OPEN	CRITICAL	1	2026-01-26 08:56:32.941048	2026-01-26 08:56:32.941048	user-pm-001	\N
feat-005-01	epic-002-01	wg-002-02-01	  	   UX	IN_PROGRESS	HIGH	1	2026-01-26 08:56:32.941048	2026-01-26 08:56:32.941048	user-pm-002	\N
feat-005-02	epic-002-01	wg-002-02-02	 UI	  	OPEN	HIGH	2	2026-01-26 08:56:32.941048	2026-01-26 08:56:32.941048	user-pm-002	\N
feat-006-01	epic-002-02	wg-002-03-01	iOS   	iOS Swift  	OPEN	CRITICAL	1	2026-01-26 08:56:32.941048	2026-01-26 08:56:32.941048	user-pm-002	\N
feat-006-02	epic-002-02	wg-002-03-02	Android   	Android Kotlin  	OPEN	CRITICAL	2	2026-01-26 08:56:32.941048	2026-01-26 08:56:32.941048	user-pm-002	\N
\.


--
-- Data for Name: issues; Type: TABLE DATA; Schema: project; Owner: pms_user
--

COPY project.issues (id, created_at, created_by, updated_at, updated_by, assignee, comments, description, due_date, issue_type, priority, reporter, resolution, resolved_at, reviewer, status, title, project_id) FROM stdin;
\.


--
-- Data for Name: kpis; Type: TABLE DATA; Schema: project; Owner: pms_user
--

COPY project.kpis (id, created_at, created_by, updated_at, updated_by, current, name, status, target, phase_id) FROM stdin;
\.


--
-- Data for Name: meetings; Type: TABLE DATA; Schema: project; Owner: pms_user
--

COPY project.meetings (id, created_at, created_by, updated_at, updated_by, actual_end_at, actual_start_at, attendees, description, location, meeting_type, minutes, organizer, scheduled_at, status, title, project_id) FROM stdin;
\.


--
-- Data for Name: outbox_events; Type: TABLE DATA; Schema: project; Owner: pms_user
--

COPY project.outbox_events (id, aggregate_id, aggregate_type, created_at, event_type, idempotency_key, last_error, payload, published_at, retry_count, status) FROM stdin;
\.


--
-- Data for Name: part_members; Type: TABLE DATA; Schema: project; Owner: pms_user
--

COPY project.part_members (part_id, user_id) FROM stdin;
part-001-01	user-dev-002
part-001-01	user-ba-001
part-001-02	user-dev-001
part-001-02	user-dev-003
part-001-03	user-qa-001
part-002-01	user-dev-001
part-002-01	user-dev-003
part-002-02	user-ba-001
part-002-03	user-dev-003
part-001-01	user-dev-002
part-001-01	user-ba-001
part-001-02	user-dev-001
part-001-02	user-dev-003
part-001-03	user-qa-001
part-002-01	user-dev-001
part-002-01	user-dev-003
part-002-02	user-ba-001
part-002-03	user-dev-003
part-001-01	user-dev-002
part-001-01	user-ba-001
part-001-02	user-dev-001
part-001-02	user-dev-003
part-001-03	user-qa-001
part-002-01	user-dev-001
part-002-01	user-dev-003
part-002-02	user-ba-001
part-002-03	user-dev-003
part-001-01	user-dev-002
part-001-01	user-ba-001
part-001-02	user-dev-001
part-001-02	user-dev-003
part-001-03	user-qa-001
part-002-01	user-dev-001
part-002-01	user-dev-003
part-002-02	user-ba-001
part-002-03	user-dev-003
part-001-01	user-dev-002
part-001-01	user-ba-001
part-001-02	user-dev-001
part-001-02	user-dev-003
part-001-03	user-qa-001
part-002-01	user-dev-001
part-002-01	user-dev-003
part-002-02	user-ba-001
part-002-03	user-dev-003
part-001-01	user-dev-002
part-001-01	user-ba-001
part-001-02	user-dev-001
part-001-02	user-dev-003
part-001-03	user-qa-001
part-002-01	user-dev-001
part-002-01	user-dev-003
part-002-02	user-ba-001
part-002-03	user-dev-003
part-001-01	user-dev-002
part-001-01	user-ba-001
part-001-02	user-dev-001
part-001-02	user-dev-003
part-001-03	user-qa-001
part-002-01	user-dev-001
part-002-01	user-dev-003
part-002-02	user-ba-001
part-002-03	user-dev-003
part-001-01	user-dev-002
part-001-01	user-ba-001
part-001-02	user-dev-001
part-001-02	user-dev-003
part-001-03	user-qa-001
part-002-01	user-dev-001
part-002-01	user-dev-003
part-002-02	user-ba-001
part-002-03	user-dev-003
part-001-01	user-dev-002
part-001-01	user-ba-001
part-001-02	user-dev-001
part-001-02	user-dev-003
part-001-03	user-qa-001
part-002-01	user-dev-001
part-002-01	user-dev-003
part-002-02	user-ba-001
part-002-03	user-dev-003
part-001-01	user-dev-002
part-001-01	user-ba-001
part-001-02	user-dev-001
part-001-02	user-dev-003
part-001-03	user-qa-001
part-002-01	user-dev-001
part-002-01	user-dev-003
part-002-02	user-ba-001
part-002-03	user-dev-003
part-001-01	user-dev-002
part-001-01	user-ba-001
part-001-02	user-dev-001
part-001-02	user-dev-003
part-001-03	user-qa-001
part-002-01	user-dev-001
part-002-01	user-dev-003
part-002-02	user-ba-001
part-002-03	user-dev-003
part-001-01	user-dev-002
part-001-01	user-ba-001
part-001-02	user-dev-001
part-001-02	user-dev-003
part-001-03	user-qa-001
part-002-01	user-dev-001
part-002-01	user-dev-003
part-002-02	user-ba-001
part-002-03	user-dev-003
part-001-01	user-dev-002
part-001-01	user-ba-001
part-001-02	user-dev-001
part-001-02	user-dev-003
part-001-03	user-qa-001
part-002-01	user-dev-001
part-002-01	user-dev-003
part-002-02	user-ba-001
part-002-03	user-dev-003
part-001-01	user-dev-002
part-001-01	user-ba-001
part-001-02	user-dev-001
part-001-02	user-dev-003
part-001-03	user-qa-001
part-002-01	user-dev-001
part-002-01	user-dev-003
part-002-02	user-ba-001
part-002-03	user-dev-003
\.


--
-- Data for Name: parts; Type: TABLE DATA; Schema: project; Owner: pms_user
--

COPY project.parts (id, created_at, created_by, updated_at, updated_by, description, end_date, leader_id, leader_name, name, progress, start_date, status, project_id) FROM stdin;
part-001-01	2026-01-23 14:54:00.229892	\N	2026-01-23 14:54:00.229892	\N	   AI/ML  	2026-06-30	user-dev-002	Choi Eunji	AI 	30	2026-01-15	ACTIVE	proj-001
part-001-02	2026-01-23 14:54:00.229892	\N	2026-01-23 14:54:00.229892	\N	 API   	2026-06-30	user-dev-001	Park Sungho	 	25	2026-01-15	ACTIVE	proj-001
part-001-03	2026-01-23 14:54:00.229892	\N	2026-01-23 14:54:00.229892	\N	   	2026-06-30	user-qa-001	Han Soojin	QA  	20	2026-01-15	ACTIVE	proj-001
part-002-01	2026-01-23 14:54:00.229892	\N	2026-01-23 14:54:00.229892	\N	iOS  Android  	2026-08-31	user-dev-001	Park Sungho	 	10	2026-02-01	ACTIVE	proj-002
part-002-02	2026-01-23 14:54:00.229892	\N	2026-01-23 14:54:00.229892	\N	    	2026-08-31	\N	\N	UX/UI 	5	2026-02-01	ACTIVE	proj-002
part-002-03	2026-01-23 14:54:00.229892	\N	2026-01-23 14:54:00.229892	\N	  API 	2026-08-31	user-dev-003	Jung Wonjae	 API	0	2026-02-01	ACTIVE	proj-002
\.


--
-- Data for Name: phase_gates; Type: TABLE DATA; Schema: project; Owner: pms_user
--

COPY project.phase_gates (id, created_at, created_by, updated_at, updated_by, approved_at, approved_by, comments, rejected_at, rejected_by, status, submitted_at, submitted_by, phase_id) FROM stdin;
\.


--
-- Data for Name: phases; Type: TABLE DATA; Schema: project; Owner: pms_user
--

COPY project.phases (id, created_at, created_by, updated_at, updated_by, description, end_date, gate_status, name, order_num, progress, start_date, status, track_type, project_id) FROM stdin;
phase-001-01	2026-01-23 14:54:00.172279	\N	2026-01-23 14:54:00.172279	\N	AI        	2026-01-31	APPROVED	 	1	100	2026-01-15	COMPLETED	COMMON	proj-001
phase-001-02	2026-01-23 14:54:00.172279	\N	2026-01-23 14:54:00.172279	\N	     	2026-02-28	PENDING	 	2	60	2026-02-01	IN_PROGRESS	COMMON	proj-001
phase-001-03	2026-01-23 14:54:00.172279	\N	2026-01-23 14:54:00.172279	\N	      AI    	2026-04-15	\N	AI  	3	0	2026-03-01	NOT_STARTED	AI	proj-001
phase-001-04	2026-01-23 14:54:00.172279	\N	2026-01-23 14:54:00.172279	\N	   API 	2026-05-15	\N	 	4	0	2026-03-15	NOT_STARTED	SI	proj-001
phase-001-05	2026-01-23 14:54:00.172279	\N	2026-01-23 14:54:00.172279	\N	    	2026-06-15	\N	  	5	0	2026-05-01	NOT_STARTED	COMMON	proj-001
phase-001-06	2026-01-23 14:54:00.172279	\N	2026-01-23 14:54:00.172279	\N	     	2026-06-30	\N	  	6	0	2026-06-15	NOT_STARTED	COMMON	proj-001
phase-002-01	2026-01-23 14:54:00.172279	\N	2026-01-23 14:54:00.172279	\N	       	2026-02-28	PENDING	  	1	30	2026-02-01	IN_PROGRESS	COMMON	proj-002
phase-002-02	2026-01-23 14:54:00.172279	\N	2026-01-23 14:54:00.172279	\N	      	2026-03-31	\N	UX/UI 	2	0	2026-03-01	NOT_STARTED	COMMON	proj-002
phase-002-03	2026-01-23 14:54:00.172279	\N	2026-01-23 14:54:00.172279	\N	iOS  Android  	2026-06-30	\N	  	3	0	2026-04-01	NOT_STARTED	SI	proj-002
phase-002-04	2026-01-23 14:54:00.172279	\N	2026-01-23 14:54:00.172279	\N	    API 	2026-06-15	\N	 API 	4	0	2026-04-01	NOT_STARTED	SI	proj-002
phase-002-05	2026-01-23 14:54:00.172279	\N	2026-01-23 14:54:00.172279	\N	     	2026-08-15	\N	  QA	5	0	2026-06-15	NOT_STARTED	COMMON	proj-002
phase-002-06	2026-01-23 14:54:00.172279	\N	2026-01-23 14:54:00.172279	\N	    	2026-08-31	\N	  	6	0	2026-08-15	NOT_STARTED	COMMON	proj-002
\.


--
-- Data for Name: project_members; Type: TABLE DATA; Schema: project; Owner: pms_user
--

COPY project.project_members (id, created_at, created_by, updated_at, updated_by, active, department, joined_at, role, user_email, user_id, user_name, project_id) FROM stdin;
pm-001-01	2026-01-23 14:54:00.241392	\N	2026-01-23 14:54:00.241392	\N	t	Executive	\N	SPONSOR	sponsor.kang@insuretech.com	user-sponsor-001	Kang Daehyun	proj-001
pm-001-02	2026-01-23 14:54:00.241392	\N	2026-01-23 14:54:00.241392	\N	t	Project Management	\N	PM	pm.kim@insuretech.com	user-pm-001	Kim Minsu	proj-001
pm-001-03	2026-01-23 14:54:00.241392	\N	2026-01-23 14:54:00.241392	\N	t	PMO	\N	PMO_HEAD	pmo.head@insuretech.com	user-pmo-001	James Wilson	proj-001
pm-001-04	2026-01-23 14:54:00.241392	\N	2026-01-23 14:54:00.241392	\N	t	Development	\N	DEVELOPER	dev.park@insuretech.com	user-dev-001	Park Sungho	proj-001
pm-001-05	2026-01-23 14:54:00.241392	\N	2026-01-23 14:54:00.241392	\N	t	Development	\N	DEVELOPER	dev.choi@insuretech.com	user-dev-002	Choi Eunji	proj-001
pm-001-06	2026-01-23 14:54:00.241392	\N	2026-01-23 14:54:00.241392	\N	t	Development	\N	DEVELOPER	dev.jung@insuretech.com	user-dev-003	Jung Wonjae	proj-001
pm-001-07	2026-01-23 14:54:00.241392	\N	2026-01-23 14:54:00.241392	\N	t	Quality Assurance	\N	QA	qa.han@insuretech.com	user-qa-001	Han Soojin	proj-001
pm-001-08	2026-01-23 14:54:00.241392	\N	2026-01-23 14:54:00.241392	\N	t	Business Analysis	\N	BUSINESS_ANALYST	ba.yoon@insuretech.com	user-ba-001	Yoon Hyemi	proj-001
pm-002-01	2026-01-23 14:54:00.241392	\N	2026-01-23 14:54:00.241392	\N	t	Executive	\N	SPONSOR	sponsor.kang@insuretech.com	user-sponsor-001	Kang Daehyun	proj-002
pm-002-02	2026-01-23 14:54:00.241392	\N	2026-01-23 14:54:00.241392	\N	t	Project Management	\N	PM	pm.lee@insuretech.com	user-pm-002	Lee Jihye	proj-002
pm-002-03	2026-01-23 14:54:00.241392	\N	2026-01-23 14:54:00.241392	\N	t	Development	\N	DEVELOPER	dev.park@insuretech.com	user-dev-001	Park Sungho	proj-002
pm-002-04	2026-01-23 14:54:00.241392	\N	2026-01-23 14:54:00.241392	\N	t	Development	\N	DEVELOPER	dev.jung@insuretech.com	user-dev-003	Jung Wonjae	proj-002
pm-002-05	2026-01-23 14:54:00.241392	\N	2026-01-23 14:54:00.241392	\N	t	Business Analysis	\N	BUSINESS_ANALYST	ba.yoon@insuretech.com	user-ba-001	Yoon Hyemi	proj-002
pm-002-06	2026-01-23 14:54:00.241392	\N	2026-01-23 14:54:00.241392	\N	t	IT	\N	AUDITOR	admin@insuretech.com	user-admin-001	System Admin	proj-002
pm-demo-001	2026-01-23 14:54:00.241392	\N	2026-01-23 14:54:00.241392	\N	t		\N	SPONSOR	sponsor@insure.com	U001		proj-001
pm-demo-002	2026-01-23 14:54:00.241392	\N	2026-01-23 14:54:00.241392	\N	t	PMO	\N	PMO_HEAD	pmo@insure.com	U002	PMO 	proj-001
pm-demo-003	2026-01-23 14:54:00.241392	\N	2026-01-23 14:54:00.241392	\N	t	IT	\N	PM	pm@insure.com	U003		proj-001
pm-demo-004	2026-01-23 14:54:00.241392	\N	2026-01-23 14:54:00.241392	\N	t	AI	\N	DEVELOPER	dev@insure.com	U004		proj-001
pm-demo-005	2026-01-23 14:54:00.241392	\N	2026-01-23 14:54:00.241392	\N	t		\N	QA	qa@insure.com	U005		proj-001
pm-demo-006	2026-01-23 14:54:00.241392	\N	2026-01-23 14:54:00.241392	\N	t		\N	BUSINESS_ANALYST	ba@insure.com	U006		proj-001
pm-demo-007	2026-01-23 14:54:00.241392	\N	2026-01-23 14:54:00.241392	\N	t		\N	AUDITOR	auditor@insure.com	U007		proj-001
pm-demo-008	2026-01-23 14:54:00.241392	\N	2026-01-23 14:54:00.241392	\N	t	IT	\N	AUDITOR	admin@insure.com	U008		proj-001
pm-demo-009	2026-01-23 14:54:00.241392	\N	2026-01-23 14:54:00.241392	\N	t	PMO	\N	PMO_HEAD	pmo@insure.com	U002	PMO 	proj-002
pm-demo-010	2026-01-23 14:54:00.241392	\N	2026-01-23 14:54:00.241392	\N	t	IT	\N	PM	pm@insure.com	U003		proj-002
pm-demo-011	2026-01-23 14:54:00.241392	\N	2026-01-23 14:54:00.241392	\N	t	AI	\N	DEVELOPER	dev@insure.com	U004		proj-002
\.


--
-- Data for Name: projects; Type: TABLE DATA; Schema: project; Owner: pms_user
--

COPY project.projects (id, created_at, created_by, updated_at, updated_by, budget, description, end_date, name, progress, start_date, status, is_default) FROM stdin;
proj-001	2026-01-23 14:54:00.167502	user-pm-001	2026-01-23 14:54:00.167502	\N	500000000.00	AI      .   ,  ,    .    60%    40%  .	2026-06-30	AI   	32	2026-01-15	IN_PROGRESS	f
proj-002	2026-01-23 14:54:00.167502	user-pm-002	2026-01-23 14:54:00.167502	\N	350000000.00	      .  ,  ,   ,    . :  1  10   .	2026-08-31	  	12	2026-02-01	PLANNING	f
\.


--
-- Data for Name: requirement_task_links; Type: TABLE DATA; Schema: project; Owner: pms_user
--

COPY project.requirement_task_links (requirement_id, task_id) FROM stdin;
req-001-01	task-001-01
req-001-01	task-001-02
req-001-02	task-001-09
req-001-02	task-001-10
req-001-03	task-001-11
req-001-01	task-001-01
req-001-01	task-001-02
req-001-02	task-001-09
req-001-02	task-001-10
req-001-03	task-001-11
req-001-01	task-001-01
req-001-01	task-001-02
req-001-02	task-001-09
req-001-02	task-001-10
req-001-03	task-001-11
req-001-01	task-001-01
req-001-01	task-001-02
req-001-02	task-001-09
req-001-02	task-001-10
req-001-03	task-001-11
req-001-01	task-001-01
req-001-01	task-001-02
req-001-02	task-001-09
req-001-02	task-001-10
req-001-03	task-001-11
req-001-01	task-001-01
req-001-01	task-001-02
req-001-02	task-001-09
req-001-02	task-001-10
req-001-03	task-001-11
req-001-01	task-001-01
req-001-01	task-001-02
req-001-02	task-001-09
req-001-02	task-001-10
req-001-03	task-001-11
req-001-01	task-001-01
req-001-01	task-001-02
req-001-02	task-001-09
req-001-02	task-001-10
req-001-03	task-001-11
req-001-01	task-001-01
req-001-01	task-001-02
req-001-02	task-001-09
req-001-02	task-001-10
req-001-03	task-001-11
req-001-01	task-001-01
req-001-01	task-001-02
req-001-02	task-001-09
req-001-02	task-001-10
req-001-03	task-001-11
req-001-01	task-001-01
req-001-01	task-001-02
req-001-02	task-001-09
req-001-02	task-001-10
req-001-03	task-001-11
req-001-01	task-001-01
req-001-01	task-001-02
req-001-02	task-001-09
req-001-02	task-001-10
req-001-03	task-001-11
req-001-01	task-001-01
req-001-01	task-001-02
req-001-02	task-001-09
req-001-02	task-001-10
req-001-03	task-001-11
\.


--
-- Data for Name: requirements; Type: TABLE DATA; Schema: project; Owner: pms_user
--

COPY project.requirements (id, created_at, created_by, updated_at, updated_by, acceptance_criteria, actual_effort, actual_effort_hours, assignee_id, category, requirement_code, description, due_date, estimated_effort, estimated_effort_hours, last_progress_update, neo4j_node_id, page_number, priority, progress, progress_calc_method, progress_percentage, project_id, remaining_effort_hours, source_text, status, story_points, tenant_id, title, rfp_id) FROM stdin;
req-001-01	2026-01-23 14:54:00.22341	\N	2026-01-23 14:54:00.22341	\N	\N	\N	\N	\N	AI	REQ-AI-001	    99%      	\N	\N	\N	\N	\N	\N	CRITICAL	60	\N	\N	proj-001	\N	\N	APPROVED	8	tenant-001	 OCR 	rfp-001
req-001-02	2026-01-23 14:54:00.22341	\N	2026-01-23 14:54:00.22341	\N	\N	\N	\N	\N	AI	REQ-AI-002	     ML    	\N	\N	\N	\N	\N	\N	CRITICAL	30	\N	\N	proj-001	\N	\N	ANALYZED	13	tenant-001	  	rfp-001
req-001-03	2026-01-23 14:54:00.22341	\N	2026-01-23 14:54:00.22341	\N	\N	\N	\N	\N	FUNCTIONAL	REQ-SI-001	     RESTful API	\N	\N	\N	\N	\N	\N	HIGH	0	\N	\N	proj-001	\N	\N	IDENTIFIED	8	tenant-001	  API	rfp-001
req-001-04	2026-01-23 14:54:00.22341	\N	2026-01-23 14:54:00.22341	\N	\N	\N	\N	\N	INTEGRATION	REQ-SI-002	ESB      	\N	\N	\N	\N	\N	\N	HIGH	0	\N	\N	proj-001	\N	\N	IDENTIFIED	13	tenant-001	  	rfp-001
req-001-05	2026-01-23 14:54:00.22341	\N	2026-01-23 14:54:00.22341	\N	\N	\N	\N	\N	SECURITY	REQ-SEC-001	  AES-256       	\N	\N	\N	\N	\N	\N	CRITICAL	0	\N	\N	proj-001	\N	\N	APPROVED	5	tenant-001	 	rfp-001
req-001-06	2026-01-23 14:54:00.22341	\N	2026-01-23 14:54:00.22341	\N	\N	\N	\N	\N	NON_FUNCTIONAL	REQ-NF-001	 2    1000      	\N	\N	\N	\N	\N	\N	HIGH	0	\N	\N	proj-001	\N	\N	ANALYZED	8	tenant-001	 	rfp-001
req-002-01	2026-01-23 14:54:00.22341	\N	2026-01-23 14:54:00.22341	\N	\N	\N	\N	\N	SECURITY	REQ-MOB-001	       	\N	\N	\N	\N	\N	\N	CRITICAL	0	\N	\N	proj-002	\N	\N	IDENTIFIED	5	tenant-001	 	rfp-002
req-002-02	2026-01-23 14:54:00.22341	\N	2026-01-23 14:54:00.22341	\N	\N	\N	\N	\N	FUNCTIONAL	REQ-MOB-002	      	\N	\N	\N	\N	\N	\N	HIGH	0	\N	\N	proj-002	\N	\N	IDENTIFIED	8	tenant-001	 	rfp-002
req-002-03	2026-01-23 14:54:00.22341	\N	2026-01-23 14:54:00.22341	\N	\N	\N	\N	\N	FUNCTIONAL	REQ-MOB-003	         	\N	\N	\N	\N	\N	\N	CRITICAL	0	\N	\N	proj-002	\N	\N	IDENTIFIED	13	tenant-001	 	rfp-002
req-002-04	2026-01-23 14:54:00.22341	\N	2026-01-23 14:54:00.22341	\N	\N	\N	\N	\N	FUNCTIONAL	REQ-MOB-004	     	\N	\N	\N	\N	\N	\N	MEDIUM	0	\N	\N	proj-002	\N	\N	IDENTIFIED	5	tenant-001	 	rfp-002
req-002-05	2026-01-23 14:54:00.22341	\N	2026-01-23 14:54:00.22341	\N	\N	\N	\N	\N	NON_FUNCTIONAL	REQ-MOB-005	        	\N	\N	\N	\N	\N	\N	MEDIUM	0	\N	\N	proj-002	\N	\N	IDENTIFIED	8	tenant-001	 	rfp-002
\.


--
-- Data for Name: rfps; Type: TABLE DATA; Schema: project; Owner: pms_user
--

COPY project.rfps (id, created_at, created_by, updated_at, updated_by, content, file_name, file_path, file_size, file_type, processing_message, processing_status, project_id, status, submitted_at, tenant_id, title) FROM stdin;
rfp-001	2026-01-23 14:54:00.218498	user-sponsor-001	2026-01-23 14:54:00.218498	\N	AI        .  :   ,   ,   ,   .	\N	\N	\N	\N	\N	COMPLETED	proj-001	APPROVED	\N	tenant-001	AI    RFP
rfp-002	2026-01-23 14:54:00.218498	user-sponsor-001	2026-01-23 14:54:00.218498	\N	       .  :  ,  ,  ,  ,  .	\N	\N	\N	\N	\N	PENDING	proj-002	SUBMITTED	\N	tenant-001	   RFP
\.


--
-- Data for Name: wbs_groups; Type: TABLE DATA; Schema: project; Owner: pms_user
--

COPY project.wbs_groups (id, phase_id, code, name, description, status, progress, planned_start_date, planned_end_date, actual_start_date, actual_end_date, weight, order_num, linked_epic_id, created_at, updated_at, created_by, updated_by) FROM stdin;
wg-001-01-01	phase-001-01	1.1	 	RFP    	COMPLETED	100	2026-01-15	2026-01-22	2026-01-15	2026-01-21	40	1	\N	2026-01-26 08:56:32.946418	2026-01-26 08:56:32.946418	user-pm-001	\N
wg-001-01-02	phase-001-01	1.2	 	    	COMPLETED	100	2026-01-20	2026-01-27	2026-01-20	2026-01-26	30	2	\N	2026-01-26 08:56:32.946418	2026-01-26 08:56:32.946418	user-pm-001	\N
wg-001-01-03	phase-001-01	1.3	 	    	COMPLETED	100	2026-01-27	2026-01-31	2026-01-27	2026-01-30	30	3	\N	2026-01-26 08:56:32.946418	2026-01-26 08:56:32.946418	user-pm-001	\N
wg-001-02-01	phase-001-02	2.1	 	     	IN_PROGRESS	75	2026-02-01	2026-02-10	2026-02-01	\N	35	1	\N	2026-01-26 08:56:32.946418	2026-01-26 08:56:32.946418	user-pm-001	\N
wg-001-02-02	phase-001-02	2.2	 	   ERD 	IN_PROGRESS	60	2026-02-08	2026-02-18	2026-02-08	\N	30	2	\N	2026-01-26 08:56:32.946418	2026-01-26 08:56:32.946418	user-pm-001	\N
wg-001-02-03	phase-001-02	2.3	API 	RESTful API    	IN_PROGRESS	40	2026-02-15	2026-02-25	2026-02-15	\N	25	3	\N	2026-01-26 08:56:32.946418	2026-01-26 08:56:32.946418	user-pm-001	\N
wg-001-02-04	phase-001-02	2.4	 	     	NOT_STARTED	0	2026-02-22	2026-02-28	\N	\N	10	4	\N	2026-01-26 08:56:32.946418	2026-01-26 08:56:32.946418	user-pm-001	\N
wg-001-03-01	phase-001-03	3.1	AI  	ML     	NOT_STARTED	0	2026-03-01	2026-03-10	\N	\N	20	1	epic-001-01	2026-01-26 08:56:32.946418	2026-01-26 08:56:32.946418	user-pm-001	\N
wg-001-03-02	phase-001-03	3.2	OCR  	     	NOT_STARTED	0	2026-03-08	2026-03-25	\N	\N	30	2	epic-001-01	2026-01-26 08:56:32.946418	2026-01-26 08:56:32.946418	user-pm-001	\N
wg-001-03-03	phase-001-03	3.3	  	   ML  	NOT_STARTED	0	2026-03-20	2026-04-10	\N	\N	35	3	epic-001-02	2026-01-26 08:56:32.946418	2026-01-26 08:56:32.946418	user-pm-001	\N
wg-001-03-04	phase-001-03	3.4	 	AI     	NOT_STARTED	0	2026-04-05	2026-04-15	\N	\N	15	4	epic-001-02	2026-01-26 08:56:32.946418	2026-01-26 08:56:32.946418	user-pm-001	\N
wg-001-04-01	phase-001-04	4.1	 API 	   API 	NOT_STARTED	0	2026-03-15	2026-04-05	\N	\N	30	1	epic-001-03	2026-01-26 08:56:32.946418	2026-01-26 08:56:32.946418	user-pm-001	\N
wg-001-04-02	phase-001-04	4.2	 	OAuth2 /  	NOT_STARTED	0	2026-03-25	2026-04-15	\N	\N	25	2	epic-001-04	2026-01-26 08:56:32.946418	2026-01-26 08:56:32.946418	user-pm-001	\N
wg-001-04-03	phase-001-04	4.3	 	    	NOT_STARTED	0	2026-04-10	2026-04-30	\N	\N	25	3	epic-001-03	2026-01-26 08:56:32.946418	2026-01-26 08:56:32.946418	user-pm-001	\N
wg-001-04-04	phase-001-04	4.4	 	    	NOT_STARTED	0	2026-04-25	2026-05-15	\N	\N	20	4	\N	2026-01-26 08:56:32.946418	2026-01-26 08:56:32.946418	user-pm-001	\N
wg-001-05-01	phase-001-05	5.1	 	   	NOT_STARTED	0	2026-05-01	2026-05-20	\N	\N	35	1	epic-001-05	2026-01-26 08:56:32.946418	2026-01-26 08:56:32.946418	user-pm-001	\N
wg-001-05-02	phase-001-05	5.2	 	    	NOT_STARTED	0	2026-05-15	2026-06-01	\N	\N	30	2	epic-001-05	2026-01-26 08:56:32.946418	2026-01-26 08:56:32.946418	user-pm-001	\N
wg-001-05-03	phase-001-05	5.3	 	    	NOT_STARTED	0	2026-05-25	2026-06-10	\N	\N	25	3	epic-001-04	2026-01-26 08:56:32.946418	2026-01-26 08:56:32.946418	user-pm-001	\N
wg-001-05-04	phase-001-05	5.4	UAT	  	NOT_STARTED	0	2026-06-05	2026-06-15	\N	\N	10	4	\N	2026-01-26 08:56:32.946418	2026-01-26 08:56:32.946418	user-pm-001	\N
wg-001-06-01	phase-001-06	6.1	  	  	NOT_STARTED	0	2026-06-15	2026-06-22	\N	\N	40	1	epic-001-06	2026-01-26 08:56:32.946418	2026-01-26 08:56:32.946418	user-pm-001	\N
wg-001-06-02	phase-001-06	6.2	  	    	NOT_STARTED	0	2026-06-20	2026-06-28	\N	\N	35	2	epic-001-06	2026-01-26 08:56:32.946418	2026-01-26 08:56:32.946418	user-pm-001	\N
wg-001-06-03	phase-001-06	6.3	  	   	NOT_STARTED	0	2026-06-25	2026-06-30	\N	\N	25	3	\N	2026-01-26 08:56:32.946418	2026-01-26 08:56:32.946418	user-pm-001	\N
wg-002-01-01	phase-002-01	1.1	 	    	IN_PROGRESS	50	2026-02-01	2026-02-12	2026-02-01	\N	40	1	\N	2026-01-26 08:56:32.946418	2026-01-26 08:56:32.946418	user-pm-002	\N
wg-002-01-02	phase-002-01	1.2	 	    	IN_PROGRESS	30	2026-02-08	2026-02-20	2026-02-08	\N	35	2	\N	2026-01-26 08:56:32.946418	2026-01-26 08:56:32.946418	user-pm-002	\N
wg-002-01-03	phase-002-01	1.3	 	   	NOT_STARTED	0	2026-02-18	2026-02-28	\N	\N	25	3	\N	2026-01-26 08:56:32.946418	2026-01-26 08:56:32.946418	user-pm-002	\N
wg-002-02-01	phase-002-02	2.1	UX 	   	NOT_STARTED	0	2026-03-01	2026-03-15	\N	\N	40	1	epic-002-01	2026-01-26 08:56:32.946418	2026-01-26 08:56:32.946418	user-pm-002	\N
wg-002-02-02	phase-002-02	2.2	UI 	    	NOT_STARTED	0	2026-03-12	2026-03-28	\N	\N	40	2	epic-002-01	2026-01-26 08:56:32.946418	2026-01-26 08:56:32.946418	user-pm-002	\N
wg-002-02-03	phase-002-02	2.3		  	NOT_STARTED	0	2026-03-25	2026-03-31	\N	\N	20	3	epic-002-01	2026-01-26 08:56:32.946418	2026-01-26 08:56:32.946418	user-pm-002	\N
wg-002-03-01	phase-002-03	3.1	iOS 	iOS   	NOT_STARTED	0	2026-04-01	2026-05-31	\N	\N	45	1	epic-002-02	2026-01-26 08:56:32.946418	2026-01-26 08:56:32.946418	user-pm-002	\N
wg-002-03-02	phase-002-03	3.2	Android 	Android   	NOT_STARTED	0	2026-04-01	2026-05-31	\N	\N	45	2	epic-002-02	2026-01-26 08:56:32.946418	2026-01-26 08:56:32.946418	user-pm-002	\N
wg-002-03-03	phase-002-03	3.3	 	   	NOT_STARTED	0	2026-04-15	2026-06-15	\N	\N	10	3	epic-002-02	2026-01-26 08:56:32.946418	2026-01-26 08:56:32.946418	user-pm-002	\N
\.


--
-- Data for Name: wbs_item_story_links; Type: TABLE DATA; Schema: project; Owner: pms_user
--

COPY project.wbs_item_story_links (id, wbs_item_id, story_id, linked_at, linked_by) FROM stdin;
wisl-001	wi-001-01-01-01	story-001-01	2026-01-26 08:56:32.966821	user-pm-001
wisl-002	wi-001-02-01-02	story-001-02	2026-01-26 08:56:32.966821	user-pm-001
wisl-003	wi-001-02-03-01	story-001-03	2026-01-26 08:56:32.966821	user-pm-001
wisl-004	wi-001-02-04-02	story-001-04	2026-01-26 08:56:32.966821	user-pm-001
wisl-005	wi-002-01-02-01	story-002-01	2026-01-26 08:56:32.966821	user-pm-002
\.


--
-- Data for Name: wbs_items; Type: TABLE DATA; Schema: project; Owner: pms_user
--

COPY project.wbs_items (id, group_id, phase_id, code, name, description, status, progress, planned_start_date, planned_end_date, actual_start_date, actual_end_date, weight, order_num, estimated_hours, actual_hours, assignee_id, created_at, updated_at, created_by, updated_by) FROM stdin;
wi-001-01-01-01	wg-001-01-01	phase-001-01	1.1.1	RFP  	RFP      	COMPLETED	100	2026-01-15	2026-01-18	2026-01-15	2026-01-17	50	1	24	20	user-ba-001	2026-01-26 08:56:32.951833	2026-01-26 08:56:32.951833	user-pm-001	\N
wi-001-01-01-02	wg-001-01-01	phase-001-01	1.1.2	  	   	COMPLETED	100	2026-01-17	2026-01-20	2026-01-17	2026-01-19	30	2	16	14	user-ba-001	2026-01-26 08:56:32.951833	2026-01-26 08:56:32.951833	user-pm-001	\N
wi-001-01-01-03	wg-001-01-01	phase-001-01	1.1.3	  	,     	COMPLETED	100	2026-01-19	2026-01-22	2026-01-19	2026-01-21	20	3	12	12	user-ba-001	2026-01-26 08:56:32.951833	2026-01-26 08:56:32.951833	user-pm-001	\N
wi-001-01-02-01	wg-001-01-02	phase-001-01	1.2.1	 	   	COMPLETED	100	2026-01-20	2026-01-22	2026-01-20	2026-01-22	30	1	8	8	user-ba-001	2026-01-26 08:56:32.951833	2026-01-26 08:56:32.951833	user-pm-001	\N
wi-001-01-02-02	wg-001-01-02	phase-001-01	1.2.2	 	  	COMPLETED	100	2026-01-22	2026-01-25	2026-01-22	2026-01-24	50	2	20	18	user-ba-001	2026-01-26 08:56:32.951833	2026-01-26 08:56:32.951833	user-pm-001	\N
wi-001-01-02-03	wg-001-01-02	phase-001-01	1.2.3	  	    	COMPLETED	100	2026-01-25	2026-01-27	2026-01-25	2026-01-26	20	3	8	6	user-ba-001	2026-01-26 08:56:32.951833	2026-01-26 08:56:32.951833	user-pm-001	\N
wi-001-01-03-01	wg-001-01-03	phase-001-01	1.3.1	 	   	COMPLETED	100	2026-01-27	2026-01-28	2026-01-27	2026-01-27	40	1	8	8	user-pm-001	2026-01-26 08:56:32.951833	2026-01-26 08:56:32.951833	user-pm-001	\N
wi-001-01-03-02	wg-001-01-03	phase-001-01	1.3.2	 	    	COMPLETED	100	2026-01-28	2026-01-30	2026-01-28	2026-01-29	30	2	12	10	user-ba-001	2026-01-26 08:56:32.951833	2026-01-26 08:56:32.951833	user-pm-001	\N
wi-001-01-03-03	wg-001-01-03	phase-001-01	1.3.3	 	   	COMPLETED	100	2026-01-30	2026-01-31	2026-01-30	2026-01-30	30	3	4	4	user-sponsor-001	2026-01-26 08:56:32.951833	2026-01-26 08:56:32.951833	user-pm-001	\N
wi-001-02-01-01	wg-001-02-01	phase-001-02	2.1.1	  	   	COMPLETED	100	2026-02-01	2026-02-03	2026-02-01	2026-02-03	25	1	16	16	user-dev-001	2026-01-26 08:56:32.951833	2026-01-26 08:56:32.951833	user-pm-001	\N
wi-001-02-01-02	wg-001-02-01	phase-001-02	2.1.2	 	   	IN_PROGRESS	80	2026-02-03	2026-02-07	2026-02-03	\N	35	2	24	20	user-dev-001	2026-01-26 08:56:32.951833	2026-01-26 08:56:32.951833	user-pm-001	\N
wi-001-02-01-03	wg-001-02-01	phase-001-02	2.1.3	 	   	IN_PROGRESS	50	2026-02-06	2026-02-10	2026-02-06	\N	40	3	20	10	user-dev-003	2026-01-26 08:56:32.951833	2026-01-26 08:56:32.951833	user-pm-001	\N
wi-001-02-02-01	wg-001-02-02	phase-001-02	2.2.1	ERD 	   	COMPLETED	100	2026-02-08	2026-02-11	2026-02-08	2026-02-10	40	1	20	18	user-dev-002	2026-01-26 08:56:32.951833	2026-01-26 08:56:32.951833	user-pm-001	\N
wi-001-02-02-02	wg-001-02-02	phase-001-02	2.2.2	 	   	IN_PROGRESS	60	2026-02-11	2026-02-15	2026-02-11	\N	35	2	16	10	user-dev-002	2026-01-26 08:56:32.951833	2026-01-26 08:56:32.951833	user-pm-001	\N
wi-001-02-02-03	wg-001-02-02	phase-001-02	2.2.3	 	    	NOT_STARTED	0	2026-02-15	2026-02-18	\N	\N	25	3	12	0	user-dev-002	2026-01-26 08:56:32.951833	2026-01-26 08:56:32.951833	user-pm-001	\N
wi-001-02-03-01	wg-001-02-03	phase-001-02	2.3.1	API  	OpenAPI   	IN_PROGRESS	70	2026-02-15	2026-02-19	2026-02-15	\N	50	1	20	14	user-dev-001	2026-01-26 08:56:32.951833	2026-01-26 08:56:32.951833	user-pm-001	\N
wi-001-02-03-02	wg-001-02-03	phase-001-02	2.3.2	  	    	NOT_STARTED	0	2026-02-19	2026-02-22	\N	\N	25	2	8	0	user-dev-001	2026-01-26 08:56:32.951833	2026-01-26 08:56:32.951833	user-pm-001	\N
wi-001-02-03-03	wg-001-02-03	phase-001-02	2.3.3	API 	API    	NOT_STARTED	0	2026-02-22	2026-02-25	\N	\N	25	3	8	0	user-qa-001	2026-01-26 08:56:32.951833	2026-01-26 08:56:32.951833	user-pm-001	\N
wi-001-02-04-01	wg-001-02-04	phase-001-02	2.4.1	  	OAuth2/JWT  	NOT_STARTED	0	2026-02-22	2026-02-25	\N	\N	50	1	16	0	user-dev-003	2026-01-26 08:56:32.951833	2026-01-26 08:56:32.951833	user-pm-001	\N
wi-001-02-04-02	wg-001-02-04	phase-001-02	2.4.2	 	   	NOT_STARTED	0	2026-02-25	2026-02-28	\N	\N	50	2	12	0	user-dev-003	2026-01-26 08:56:32.951833	2026-01-26 08:56:32.951833	user-pm-001	\N
wi-001-03-01-01	wg-001-03-01	phase-001-03	3.1.1	ML  	MLOps  	NOT_STARTED	0	2026-03-01	2026-03-05	\N	\N	50	1	24	0	user-dev-002	2026-01-26 08:56:32.951833	2026-01-26 08:56:32.951833	user-pm-001	\N
wi-001-03-01-02	wg-001-03-01	phase-001-03	3.1.2	  	GPU    	NOT_STARTED	0	2026-03-05	2026-03-10	\N	\N	50	2	20	0	user-dev-002	2026-01-26 08:56:32.951833	2026-01-26 08:56:32.951833	user-pm-001	\N
wi-001-03-02-01	wg-001-03-02	phase-001-03	3.2.1	OCR  	   	NOT_STARTED	0	2026-03-08	2026-03-15	\N	\N	30	1	32	0	user-ba-001	2026-01-26 08:56:32.951833	2026-01-26 08:56:32.951833	user-pm-001	\N
wi-001-03-02-02	wg-001-03-02	phase-001-03	3.2.2	OCR  	Transformer  OCR  	NOT_STARTED	0	2026-03-15	2026-03-25	\N	\N	70	2	60	0	user-dev-002	2026-01-26 08:56:32.951833	2026-01-26 08:56:32.951833	user-pm-001	\N
wi-001-03-03-01	wg-001-03-03	phase-001-03	3.3.1	  	   	NOT_STARTED	0	2026-03-20	2026-03-28	\N	\N	35	1	24	0	user-ba-001	2026-01-26 08:56:32.951833	2026-01-26 08:56:32.951833	user-pm-001	\N
wi-001-03-03-02	wg-001-03-03	phase-001-03	3.3.2	  	XGBoost/Random Forest 	NOT_STARTED	0	2026-03-28	2026-04-10	\N	\N	65	2	60	0	user-dev-002	2026-01-26 08:56:32.951833	2026-01-26 08:56:32.951833	user-pm-001	\N
wi-002-01-01-01	wg-002-01-01	phase-002-01	1.1.1	  	    	IN_PROGRESS	70	2026-02-01	2026-02-06	2026-02-01	\N	50	1	16	12	user-ba-001	2026-01-26 08:56:32.951833	2026-01-26 08:56:32.951833	user-pm-002	\N
wi-002-01-01-02	wg-002-01-01	phase-002-01	1.1.2	  	   	IN_PROGRESS	40	2026-02-06	2026-02-12	2026-02-06	\N	50	2	20	8	user-ba-001	2026-01-26 08:56:32.951833	2026-01-26 08:56:32.951833	user-pm-002	\N
wi-002-01-02-01	wg-002-01-02	phase-002-01	1.2.1	 	   	IN_PROGRESS	50	2026-02-08	2026-02-13	2026-02-08	\N	40	1	12	6	user-ba-001	2026-01-26 08:56:32.951833	2026-01-26 08:56:32.951833	user-pm-002	\N
wi-002-01-02-02	wg-002-01-02	phase-002-01	1.2.2	 	   	NOT_STARTED	0	2026-02-13	2026-02-20	\N	\N	60	2	24	0	user-ba-001	2026-01-26 08:56:32.951833	2026-01-26 08:56:32.951833	user-pm-002	\N
\.


--
-- Data for Name: wbs_tasks; Type: TABLE DATA; Schema: project; Owner: pms_user
--

COPY project.wbs_tasks (id, item_id, group_id, phase_id, code, name, description, status, progress, weight, order_num, estimated_hours, actual_hours, assignee_id, linked_task_id, created_at, updated_at, created_by, updated_by) FROM stdin;
wt-001-01-01-01-01	wi-001-01-01-01	wg-001-01-01	phase-001-01	1.1.1.1	RFP  	RFP   	COMPLETED	100	20	1	2	2	user-ba-001	task-001-01	2026-01-26 08:56:32.958178	2026-01-26 08:56:32.958178	user-pm-001	\N
wt-001-01-01-01-02	wi-001-01-01-01	wg-001-01-01	phase-001-01	1.1.1.2	RFP  	    	COMPLETED	100	30	2	6	5	user-ba-001	\N	2026-01-26 08:56:32.958178	2026-01-26 08:56:32.958178	user-pm-001	\N
wt-001-01-01-01-03	wi-001-01-01-01	wg-001-01-01	phase-001-01	1.1.1.3	 	   	COMPLETED	100	50	3	16	13	user-ba-001	\N	2026-01-26 08:56:32.958178	2026-01-26 08:56:32.958178	user-pm-001	\N
wt-001-01-01-02-01	wi-001-01-01-02	wg-001-01-01	phase-001-01	1.1.2.1	 	   	COMPLETED	100	40	1	6	5	user-ba-001	\N	2026-01-26 08:56:32.958178	2026-01-26 08:56:32.958178	user-pm-001	\N
wt-001-01-01-02-02	wi-001-01-01-02	wg-001-01-01	phase-001-01	1.1.2.2	 	  	COMPLETED	100	30	2	4	4	user-pm-001	\N	2026-01-26 08:56:32.958178	2026-01-26 08:56:32.958178	user-pm-001	\N
wt-001-01-01-02-03	wi-001-01-01-02	wg-001-01-01	phase-001-01	1.1.2.3		   	COMPLETED	100	30	3	6	5	user-ba-001	\N	2026-01-26 08:56:32.958178	2026-01-26 08:56:32.958178	user-pm-001	\N
wt-001-02-01-01-01	wi-001-02-01-01	wg-001-02-01	phase-001-02	2.1.1.1	  	    	COMPLETED	100	30	1	8	8	user-dev-001	\N	2026-01-26 08:56:32.958178	2026-01-26 08:56:32.958178	user-pm-001	\N
wt-001-02-01-01-02	wi-001-02-01-01	wg-001-02-01	phase-001-02	2.1.1.2	  	// 	COMPLETED	100	40	2	4	4	user-dev-001	\N	2026-01-26 08:56:32.958178	2026-01-26 08:56:32.958178	user-pm-001	\N
wt-001-02-01-01-03	wi-001-02-01-01	wg-001-02-01	phase-001-02	2.1.1.3	 	   	COMPLETED	100	30	3	4	4	user-dev-001	task-001-04	2026-01-26 08:56:32.958178	2026-01-26 08:56:32.958178	user-pm-001	\N
wt-001-02-01-02-01	wi-001-02-01-02	wg-001-02-01	phase-001-02	2.1.2.1	 	  	COMPLETED	100	25	1	6	6	user-dev-001	\N	2026-01-26 08:56:32.958178	2026-01-26 08:56:32.958178	user-pm-001	\N
wt-001-02-01-02-02	wi-001-02-01-02	wg-001-02-01	phase-001-02	2.1.2.2	 	   	COMPLETED	100	25	2	8	8	user-dev-001	\N	2026-01-26 08:56:32.958178	2026-01-26 08:56:32.958178	user-pm-001	\N
wt-001-02-01-02-03	wi-001-02-01-02	wg-001-02-01	phase-001-02	2.1.2.3	 	   	IN_PROGRESS	60	30	3	6	4	user-dev-003	\N	2026-01-26 08:56:32.958178	2026-01-26 08:56:32.958178	user-pm-001	\N
wt-001-02-01-02-04	wi-001-02-01-02	wg-001-02-01	phase-001-02	2.1.2.4	 	ADR    	NOT_STARTED	0	20	4	4	0	user-dev-001	\N	2026-01-26 08:56:32.958178	2026-01-26 08:56:32.958178	user-pm-001	\N
wt-001-02-01-03-01	wi-001-02-01-03	wg-001-02-01	phase-001-02	2.1.3.1	VPC 	AWS VPC   	COMPLETED	100	35	1	6	6	user-dev-003	\N	2026-01-26 08:56:32.958178	2026-01-26 08:56:32.958178	user-pm-001	\N
wt-001-02-01-03-02	wi-001-02-01-03	wg-001-02-01	phase-001-02	2.1.3.2	EKS  	Kubernetes  	IN_PROGRESS	40	40	2	8	3	user-dev-003	\N	2026-01-26 08:56:32.958178	2026-01-26 08:56:32.958178	user-pm-001	\N
wt-001-02-01-03-03	wi-001-02-01-03	wg-001-02-01	phase-001-02	2.1.3.3	DR 	   	NOT_STARTED	0	25	3	6	0	user-dev-003	\N	2026-01-26 08:56:32.958178	2026-01-26 08:56:32.958178	user-pm-001	\N
wt-001-02-02-01-01	wi-001-02-02-01	wg-001-02-02	phase-001-02	2.2.1.1	 	  	COMPLETED	100	30	1	6	5	user-dev-002	\N	2026-01-26 08:56:32.958178	2026-01-26 08:56:32.958178	user-pm-001	\N
wt-001-02-02-01-02	wi-001-02-02-01	wg-001-02-02	phase-001-02	2.2.1.2	 	   	COMPLETED	100	40	2	8	8	user-dev-002	task-001-05	2026-01-26 08:56:32.958178	2026-01-26 08:56:32.958178	user-pm-001	\N
wt-001-02-02-01-03	wi-001-02-02-01	wg-001-02-02	phase-001-02	2.2.1.3	ERD 	ERD  	COMPLETED	100	30	3	6	5	user-dev-002	\N	2026-01-26 08:56:32.958178	2026-01-26 08:56:32.958178	user-pm-001	\N
wt-001-02-02-02-01	wi-001-02-02-02	wg-001-02-02	phase-001-02	2.2.2.1	 	   	COMPLETED	100	40	1	8	8	user-dev-002	\N	2026-01-26 08:56:32.958178	2026-01-26 08:56:32.958178	user-pm-001	\N
wt-001-02-02-02-02	wi-001-02-02-02	wg-001-02-02	phase-001-02	2.2.2.2	 	PK, FK,  	IN_PROGRESS	50	35	2	4	2	user-dev-002	\N	2026-01-26 08:56:32.958178	2026-01-26 08:56:32.958178	user-pm-001	\N
wt-001-02-02-02-03	wi-001-02-02-02	wg-001-02-02	phase-001-02	2.2.2.3	 	DB  	NOT_STARTED	0	25	3	4	0	user-dev-002	\N	2026-01-26 08:56:32.958178	2026-01-26 08:56:32.958178	user-pm-001	\N
wt-001-02-03-01-01	wi-001-02-03-01	wg-001-02-03	phase-001-02	2.3.1.1	API  	REST   	COMPLETED	100	30	1	6	6	user-dev-001	\N	2026-01-26 08:56:32.958178	2026-01-26 08:56:32.958178	user-pm-001	\N
wt-001-02-03-01-02	wi-001-02-03-01	wg-001-02-03	phase-001-02	2.3.1.2	Request/Response 	/  	COMPLETED	100	35	2	8	8	user-dev-001	task-001-06	2026-01-26 08:56:32.958178	2026-01-26 08:56:32.958178	user-pm-001	\N
wt-001-02-03-01-03	wi-001-02-03-01	wg-001-02-03	phase-001-02	2.3.1.3	OpenAPI 	Swagger/OpenAPI  	IN_PROGRESS	40	35	3	6	2	user-dev-001	\N	2026-01-26 08:56:32.958178	2026-01-26 08:56:32.958178	user-pm-001	\N
wt-002-01-01-01-01	wi-002-01-01-01	wg-002-01-01	phase-002-01	1.1.1.1	 	     	COMPLETED	100	20	1	2	2	user-ba-001	\N	2026-01-26 08:56:32.958178	2026-01-26 08:56:32.958178	user-pm-002	\N
wt-002-01-01-01-02	wi-002-01-01-01	wg-002-01-01	phase-002-01	1.1.1.2	 	    	IN_PROGRESS	70	50	2	8	6	user-ba-001	task-002-01	2026-01-26 08:56:32.958178	2026-01-26 08:56:32.958178	user-pm-002	\N
wt-002-01-01-01-03	wi-002-01-01-01	wg-002-01-01	phase-002-01	1.1.1.3	 	   	IN_PROGRESS	50	30	3	6	3	user-ba-001	\N	2026-01-26 08:56:32.958178	2026-01-26 08:56:32.958178	user-pm-002	\N
wt-002-01-01-02-01	wi-002-01-01-02	wg-002-01-01	phase-002-01	1.1.2.1	 	   	IN_PROGRESS	60	40	1	8	5	user-ba-001	\N	2026-01-26 08:56:32.958178	2026-01-26 08:56:32.958178	user-pm-002	\N
wt-002-01-01-02-02	wi-002-01-01-02	wg-002-01-01	phase-002-01	1.1.2.2	 	    	IN_PROGRESS	30	35	2	8	2	user-ba-001	\N	2026-01-26 08:56:32.958178	2026-01-26 08:56:32.958178	user-pm-002	\N
wt-002-01-01-02-03	wi-002-01-01-02	wg-002-01-01	phase-002-01	1.1.2.3	 	    	NOT_STARTED	0	25	3	4	0	user-ba-001	\N	2026-01-26 08:56:32.958178	2026-01-26 08:56:32.958178	user-pm-002	\N
wt-002-01-02-01-01	wi-002-01-02-01	wg-002-01-02	phase-002-01	1.2.1.1	 	  	COMPLETED	100	40	1	4	4	user-ba-001	\N	2026-01-26 08:56:32.958178	2026-01-26 08:56:32.958178	user-pm-002	\N
wt-002-01-02-01-02	wi-002-01-02-01	wg-002-01-02	phase-002-01	1.2.1.2	 	   	IN_PROGRESS	30	60	2	8	2	user-ba-001	task-002-02	2026-01-26 08:56:32.958178	2026-01-26 08:56:32.958178	user-pm-002	\N
\.


--
-- Data for Name: kanban_columns; Type: TABLE DATA; Schema: task; Owner: pms_user
--

COPY task.kanban_columns (id, created_at, created_by, updated_at, updated_by, color, is_bottleneck_column, name, order_num, project_id, wip_limit, wip_limit_hard, wip_limit_soft) FROM stdin;
col-001-01	2026-01-23 14:54:00.176829	\N	2026-01-23 14:54:00.176829	\N	#6B7280	f		1	proj-001	\N	\N	\N
col-001-02	2026-01-23 14:54:00.176829	\N	2026-01-23 14:54:00.176829	\N	#3B82F6	f	 	2	proj-001	10	\N	\N
col-001-03	2026-01-23 14:54:00.176829	\N	2026-01-23 14:54:00.176829	\N	#F59E0B	f	 	3	proj-001	5	\N	\N
col-001-04	2026-01-23 14:54:00.176829	\N	2026-01-23 14:54:00.176829	\N	#8B5CF6	f		4	proj-001	3	\N	\N
col-001-05	2026-01-23 14:54:00.176829	\N	2026-01-23 14:54:00.176829	\N	#10B981	f		5	proj-001	\N	\N	\N
col-002-01	2026-01-23 14:54:00.176829	\N	2026-01-23 14:54:00.176829	\N	#6B7280	f		1	proj-002	\N	\N	\N
col-002-02	2026-01-23 14:54:00.176829	\N	2026-01-23 14:54:00.176829	\N	#3B82F6	f	 	2	proj-002	8	\N	\N
col-002-03	2026-01-23 14:54:00.176829	\N	2026-01-23 14:54:00.176829	\N	#F59E0B	f	 	3	proj-002	4	\N	\N
col-002-04	2026-01-23 14:54:00.176829	\N	2026-01-23 14:54:00.176829	\N	#8B5CF6	f		4	proj-002	3	\N	\N
col-002-05	2026-01-23 14:54:00.176829	\N	2026-01-23 14:54:00.176829	\N	#10B981	f		5	proj-002	\N	\N	\N
\.


--
-- Data for Name: sprints; Type: TABLE DATA; Schema: task; Owner: pms_user
--

COPY task.sprints (id, created_at, created_by, updated_at, updated_by, conwip_limit, enable_wip_validation, end_date, goal, name, neo4j_node_id, project_id, start_date, status) FROM stdin;
sprint-001-01	2026-01-23 14:54:00.189485	\N	2026-01-23 14:54:00.189485	\N	\N	t	2026-01-31	      	 1 -  	\N	proj-001	2026-01-15	COMPLETED
sprint-001-02	2026-01-23 14:54:00.189485	\N	2026-01-23 14:54:00.189485	\N	\N	t	2026-02-14	    	 2 - 	\N	proj-001	2026-02-01	ACTIVE
sprint-001-03	2026-01-23 14:54:00.189485	\N	2026-01-23 14:54:00.189485	\N	\N	t	2026-02-28	 AI  	 3 - AI 	\N	proj-001	2026-02-15	PLANNED
sprint-002-01	2026-01-23 14:54:00.189485	\N	2026-01-23 14:54:00.189485	\N	\N	t	2026-02-14	  	 1 - 	\N	proj-002	2026-02-01	ACTIVE
sprint-001-04	2026-01-26 08:56:33.003887	\N	2026-01-26 08:56:33.003887	\N	15	t	2026-03-14	OCR      	 4 - AI  	\N	proj-001	2026-03-01	PLANNED
sprint-001-05	2026-01-26 08:56:33.003887	\N	2026-01-26 08:56:33.003887	\N	15	t	2026-03-28	OCR/    	 5 - AI  	\N	proj-001	2026-03-15	PLANNED
sprint-002-02	2026-01-26 08:56:33.003887	\N	2026-01-26 08:56:33.003887	\N	12	t	2026-02-28	UX    	 2 - UX 	\N	proj-002	2026-02-15	PLANNED
sprint-002-03	2026-01-26 08:56:33.003887	\N	2026-01-26 08:56:33.003887	\N	12	t	2026-03-14	UI   	 3 - UI 	\N	proj-002	2026-03-01	PLANNED
\.


--
-- Data for Name: tasks; Type: TABLE DATA; Schema: task; Owner: pms_user
--

COPY task.tasks (id, created_at, created_by, updated_at, updated_by, assignee_id, description, due_date, order_num, phase_id, priority, sprint_id, status, tags, title, track_type, user_story_id, column_id, requirement_id) FROM stdin;
task-001-06	2026-01-23 14:54:00.181143	\N	2026-01-23 14:54:00.181143	\N	user-dev-001	   OpenAPI  	2026-02-18	1	phase-001-02	HIGH	\N	REVIEW	api,documentation	API  	SI	story-001-03	col-001-04	\N
task-001-11	2026-01-23 14:54:00.181143	\N	2026-01-23 14:54:00.181143	\N	user-dev-001	   REST API 	2026-04-15	3	phase-001-04	HIGH	\N	TODO	api,backend	 API 	SI	story-001-03	col-001-01	\N
task-001-03	2026-01-23 14:54:00.181143	\N	2026-01-23 14:54:00.181143	\N	user-pm-001	     	2026-01-31	3	phase-001-01	CRITICAL	\N	DONE	requirements,approval	 	COMMON	\N	col-001-05	\N
task-001-07	2026-01-23 14:54:00.181143	\N	2026-01-23 14:54:00.181143	\N	user-dev-003	    	2026-02-25	1	phase-001-02	HIGH	\N	TODO	security,architecture	  	COMMON	\N	col-001-02	\N
task-001-08	2026-01-23 14:54:00.181143	\N	2026-01-23 14:54:00.181143	\N	user-dev-002	AI      	2026-03-05	2	phase-001-03	MEDIUM	\N	TODO	ai,setup	ML  	AI	\N	col-001-02	\N
task-001-09	2026-01-23 14:54:00.181143	\N	2026-01-23 14:54:00.181143	\N	user-dev-002	    AI    	2026-03-20	1	phase-001-03	HIGH	\N	TODO	ai,ml,training	   	AI	\N	col-001-01	\N
task-001-10	2026-01-23 14:54:00.181143	\N	2026-01-23 14:54:00.181143	\N	user-dev-002	      	2026-04-01	2	phase-001-03	CRITICAL	\N	TODO	ai,fraud,ml	   	AI	\N	col-001-01	\N
task-001-12	2026-01-23 14:54:00.181143	\N	2026-01-23 14:54:00.181143	\N	user-dev-003	     	2026-04-20	4	phase-001-04	MEDIUM	\N	TODO	backend,files	   	SI	\N	col-001-01	\N
task-002-01	2026-01-23 14:54:00.181143	\N	2026-01-23 14:54:00.181143	\N	user-ba-001	    	2026-02-15	1	phase-002-01	HIGH	\N	IN_PROGRESS	research,competitor	 	COMMON	\N	col-002-03	\N
task-001-01	2026-01-23 14:54:00.181143	\N	2026-01-23 14:54:00.181143	\N	user-ba-001	RFP      	2026-01-20	1	phase-001-01	HIGH	\N	DONE	requirements,documentation	RFP  	COMMON	story-001-01	col-001-05	\N
task-001-02	2026-01-23 14:54:00.181143	\N	2026-01-23 14:54:00.181143	\N	user-ba-001	     	2026-01-25	2	phase-001-01	HIGH	\N	DONE	requirements,stakeholder	 	COMMON	story-001-01	col-001-05	\N
task-001-04	2026-01-23 14:54:00.181143	\N	2026-01-23 14:54:00.181143	\N	user-dev-001	    	2026-02-15	1	phase-001-02	CRITICAL	\N	IN_PROGRESS	architecture,design	  	SI	story-001-02	col-001-03	\N
task-001-05	2026-01-23 14:54:00.181143	\N	2026-01-23 14:54:00.181143	\N	user-dev-002	     	2026-02-20	2	phase-001-02	HIGH	\N	IN_PROGRESS	database,design	  	SI	story-001-02	col-001-03	\N
task-002-02	2026-01-23 14:54:00.181143	\N	2026-01-23 14:54:00.181143	\N	user-ba-001	     	2026-02-20	2	phase-002-01	MEDIUM	\N	IN_PROGRESS	research,ux	  	COMMON	\N	col-002-03	\N
task-002-03	2026-01-23 14:54:00.181143	\N	2026-01-23 14:54:00.181143	\N	user-pm-002	MVP     	2026-02-25	1	phase-002-01	HIGH	\N	TODO	planning,mvp	  	COMMON	\N	col-002-02	\N
task-002-04	2026-01-23 14:54:00.181143	\N	2026-01-23 14:54:00.181143	\N	\N	    	2026-03-10	2	phase-002-02	HIGH	\N	TODO	ux,design	 	COMMON	\N	col-002-02	\N
task-002-05	2026-01-23 14:54:00.181143	\N	2026-01-23 14:54:00.181143	\N	\N	      	2026-03-20	1	phase-002-02	MEDIUM	\N	TODO	design,ui	  	COMMON	\N	col-002-01	\N
task-002-06	2026-01-23 14:54:00.181143	\N	2026-01-23 14:54:00.181143	\N	user-dev-001	Swift iOS  	2026-04-05	2	phase-002-03	MEDIUM	\N	TODO	ios,mobile	iOS   	SI	\N	col-002-01	\N
task-002-07	2026-01-23 14:54:00.181143	\N	2026-01-23 14:54:00.181143	\N	user-dev-003	Kotlin Android  	2026-04-05	3	phase-002-03	MEDIUM	\N	TODO	android,mobile	Android   	SI	\N	col-002-01	\N
task-002-08	2026-01-23 14:54:00.181143	\N	2026-01-23 14:54:00.181143	\N	user-dev-001	   	2026-04-15	4	phase-002-04	CRITICAL	\N	TODO	api,auth,backend	 API 	SI	\N	col-002-01	\N
task-001-13	2026-01-26 08:56:33.006317	\N	2026-01-26 08:56:33.006317	\N	user-qa-001	      	2026-05-05	5	phase-001-05	HIGH	\N	TODO	qa,testing,planning	  	COMMON	\N	col-001-01	\N
task-001-14	2026-01-26 08:56:33.006317	\N	2026-01-26 08:56:33.006317	\N	user-qa-001	E2E     	2026-05-10	6	phase-001-05	HIGH	\N	TODO	qa,testcase	  	COMMON	\N	col-001-01	\N
task-001-15	2026-01-26 08:56:33.006317	\N	2026-01-26 08:56:33.006317	\N	user-qa-001	Selenium/Playwright   	2026-05-15	7	phase-001-05	MEDIUM	\N	TODO	qa,automation	   	COMMON	\N	col-001-01	\N
task-001-16	2026-01-26 08:56:33.006317	\N	2026-01-26 08:56:33.006317	\N	user-ba-001	     	2026-03-15	8	phase-001-03	HIGH	\N	TODO	ai,data,labeling	AI   	AI	\N	col-001-01	\N
task-001-17	2026-01-26 08:56:33.006317	\N	2026-01-26 08:56:33.006317	\N	user-ba-001	       	2026-03-25	9	phase-001-03	CRITICAL	\N	TODO	ai,fraud,analysis	   	AI	\N	col-001-01	\N
task-001-18	2026-01-26 08:56:33.006317	\N	2026-01-26 08:56:33.006317	\N	user-pm-001	    	2026-02-12	3	phase-001-02	HIGH	\N	TODO	meeting,review	   	COMMON	\N	col-001-02	\N
task-001-19	2026-01-26 08:56:33.006317	\N	2026-01-26 08:56:33.006317	\N	user-pm-001	      	2026-06-01	4	phase-001-05	HIGH	\N	TODO	uat,planning	UAT  	COMMON	\N	col-001-02	\N
task-001-20	2026-01-26 08:56:33.006317	\N	2026-01-26 08:56:33.006317	\N	user-sponsor-001	    	2026-06-25	5	phase-001-06	CRITICAL	\N	TODO	approval,deployment	 	COMMON	\N	col-001-02	\N
task-002-09	2026-01-26 08:56:33.006317	\N	2026-01-26 08:56:33.006317	\N	\N	Figma    	2026-03-15	5	phase-002-02	HIGH	\N	TODO	design,figma	  	COMMON	\N	col-002-01	\N
task-002-10	2026-01-26 08:56:33.006317	\N	2026-01-26 08:56:33.006317	\N	user-dev-001	iOS/Android  API  	2026-04-20	6	phase-002-03	HIGH	\N	TODO	mobile,api	API  	SI	\N	col-002-01	\N
task-002-11	2026-01-26 08:56:33.006317	\N	2026-01-26 08:56:33.006317	\N	user-dev-003	Firebase    	2026-05-15	7	phase-002-04	MEDIUM	\N	TODO	backend,push	  	SI	\N	col-002-01	\N
\.


--
-- Data for Name: user_stories; Type: TABLE DATA; Schema: task; Owner: pms_user
--

COPY task.user_stories (id, created_at, created_by, updated_at, updated_by, acceptance_criteria, assignee_id, description, epic, priority, priority_order, project_id, status, story_points, title, sprint_id, feature_id, wbs_item_id) FROM stdin;
story-001-03	2026-01-23 14:54:00.194304	\N	2026-01-23 14:54:00.194304	\N	\N	\N	, RESTful API           	API 	HIGH	\N	proj-001	SELECTED	8	 API 	sprint-001-02	\N	wi-001-02-03-01
story-001-04	2026-01-23 14:54:00.194304	\N	2026-01-23 14:54:00.194304	\N	\N	\N	 ,         		CRITICAL	\N	proj-001	BACKLOG	5	  	\N	\N	wi-001-02-04-02
story-002-01	2026-01-23 14:54:00.194304	\N	2026-01-23 14:54:00.194304	\N	\N	\N	 ,       UX  		HIGH	\N	proj-002	IN_PROGRESS	5	  	sprint-002-01	\N	wi-002-01-02-01
story-001-05	2026-01-26 08:56:33.001085	\N	2026-01-26 08:56:33.001085	\N	\N	\N	AI , GPU       	AI 	HIGH	\N	proj-001	BACKLOG	8	AI    	\N	\N	wi-001-03-01-01
story-001-06	2026-01-26 08:56:33.001085	\N	2026-01-26 08:56:33.001085	\N	\N	\N	QA , OCR  99%     	 	HIGH	\N	proj-001	BACKLOG	5	OCR  	\N	\N	wi-001-03-02-02
story-001-07	2026-01-26 08:56:33.001085	\N	2026-01-26 08:56:33.001085	\N	\N	\N	,        	 	CRITICAL	\N	proj-001	BACKLOG	13	   	\N	\N	\N
story-001-08	2026-01-26 08:56:33.001085	\N	2026-01-26 08:56:33.001085	\N	\N	\N	DevOps , CI/CD       	DevOps	MEDIUM	\N	proj-001	BACKLOG	8	  	\N	\N	\N
story-002-02	2026-01-26 08:56:33.001085	\N	2026-01-26 08:56:33.001085	\N	\N	\N	,        		CRITICAL	\N	proj-002	BACKLOG	5	  	\N	\N	\N
story-002-03	2026-01-26 08:56:33.001085	\N	2026-01-26 08:56:33.001085	\N	\N	\N	,         	UI/UX	HIGH	\N	proj-002	BACKLOG	8	  	\N	\N	\N
story-002-04	2026-01-26 08:56:33.001085	\N	2026-01-26 08:56:33.001085	\N	\N	\N	,         	 	CRITICAL	\N	proj-002	BACKLOG	13	  	\N	\N	\N
story-002-05	2026-01-26 08:56:33.001085	\N	2026-01-26 08:56:33.001085	\N	\N	\N	,         		MEDIUM	\N	proj-002	BACKLOG	5	  	\N	\N	\N
story-001-01	2026-01-23 14:54:00.194304	\N	2026-01-23 14:54:00.194304	\N	\N	\N	 ,           	 	CRITICAL	\N	proj-001	COMPLETED	8	OCR  	sprint-001-01	\N	wi-001-01-01-01
story-001-02	2026-01-23 14:54:00.194304	\N	2026-01-23 14:54:00.194304	\N	\N	\N	 ,           	 	CRITICAL	\N	proj-001	IN_PROGRESS	13	  	sprint-001-02	\N	wi-001-02-01-02
\.


--
-- Data for Name: user_story_requirement_links; Type: TABLE DATA; Schema: task; Owner: pms_user
--

COPY task.user_story_requirement_links (user_story_id, requirement_id) FROM stdin;
story-001-01	req-001-01
story-001-02	req-001-02
story-001-03	req-001-03
story-001-04	req-001-05
story-001-01	req-001-01
story-001-02	req-001-02
story-001-03	req-001-03
story-001-04	req-001-05
story-001-01	req-001-01
story-001-02	req-001-02
story-001-03	req-001-03
story-001-04	req-001-05
story-001-01	req-001-01
story-001-02	req-001-02
story-001-03	req-001-03
story-001-04	req-001-05
story-001-01	req-001-01
story-001-02	req-001-02
story-001-03	req-001-03
story-001-04	req-001-05
story-001-01	req-001-01
story-001-02	req-001-02
story-001-03	req-001-03
story-001-04	req-001-05
story-001-01	req-001-01
story-001-02	req-001-02
story-001-03	req-001-03
story-001-04	req-001-05
story-001-01	req-001-01
story-001-02	req-001-02
story-001-03	req-001-03
story-001-04	req-001-05
story-001-01	req-001-01
story-001-02	req-001-02
story-001-03	req-001-03
story-001-04	req-001-05
story-001-01	req-001-01
story-001-02	req-001-02
story-001-03	req-001-03
story-001-04	req-001-05
story-001-01	req-001-01
story-001-02	req-001-02
story-001-03	req-001-03
story-001-04	req-001-05
story-001-01	req-001-01
story-001-02	req-001-02
story-001-03	req-001-03
story-001-04	req-001-05
story-001-01	req-001-01
story-001-02	req-001-02
story-001-03	req-001-03
story-001-04	req-001-05
story-001-01	req-001-01
story-001-02	req-001-02
story-001-03	req-001-03
story-001-04	req-001-05
\.


--
-- Data for Name: weekly_reports; Type: TABLE DATA; Schema: task; Owner: pms_user
--

COPY task.weekly_reports (id, created_at, created_by, updated_at, updated_by, average_wip_count, blocked_tasks, bottlenecks, completed_tasks, completion_rate, completion_trend, flow_efficiency, generated_at, generated_by, generated_content, in_progress_tasks, llm_confidence_score, llm_model, peak_wip_count, project_id, recommendations, sprint_id, story_points_completed, story_points_in_progress, story_points_planned, summary, todo_tasks, total_tasks, velocity, velocity_trend, week_end_date, week_start_date) FROM stdin;
\.


--
-- Name: backup_history backup_history_pkey; Type: CONSTRAINT; Schema: admin; Owner: pms_user
--

ALTER TABLE ONLY admin.backup_history
    ADD CONSTRAINT backup_history_pkey PRIMARY KEY (id);


--
-- Name: sync_history sync_history_pkey; Type: CONSTRAINT; Schema: admin; Owner: pms_user
--

ALTER TABLE ONLY admin.sync_history
    ADD CONSTRAINT sync_history_pkey PRIMARY KEY (id);


--
-- Name: permissions permissions_pkey; Type: CONSTRAINT; Schema: auth; Owner: pms_user
--

ALTER TABLE ONLY auth.permissions
    ADD CONSTRAINT permissions_pkey PRIMARY KEY (id);


--
-- Name: role_permissions role_permissions_pkey; Type: CONSTRAINT; Schema: auth; Owner: pms_user
--

ALTER TABLE ONLY auth.role_permissions
    ADD CONSTRAINT role_permissions_pkey PRIMARY KEY (id);


--
-- Name: users uk_6dotkott2kjsp8vw4d0m25fb7; Type: CONSTRAINT; Schema: auth; Owner: pms_user
--

ALTER TABLE ONLY auth.users
    ADD CONSTRAINT uk_6dotkott2kjsp8vw4d0m25fb7 UNIQUE (email);


--
-- Name: role_permissions ukriljgn66b857jm4uffdqtcsmy; Type: CONSTRAINT; Schema: auth; Owner: pms_user
--

ALTER TABLE ONLY auth.role_permissions
    ADD CONSTRAINT ukriljgn66b857jm4uffdqtcsmy UNIQUE (role, permission_id);


--
-- Name: users users_pkey; Type: CONSTRAINT; Schema: auth; Owner: pms_user
--

ALTER TABLE ONLY auth.users
    ADD CONSTRAINT users_pkey PRIMARY KEY (id);


--
-- Name: chat_messages chat_messages_pkey; Type: CONSTRAINT; Schema: chat; Owner: pms_user
--

ALTER TABLE ONLY chat.chat_messages
    ADD CONSTRAINT chat_messages_pkey PRIMARY KEY (id);


--
-- Name: chat_sessions chat_sessions_pkey; Type: CONSTRAINT; Schema: chat; Owner: pms_user
--

ALTER TABLE ONLY chat.chat_sessions
    ADD CONSTRAINT chat_sessions_pkey PRIMARY KEY (id);


--
-- Name: backlog_items backlog_items_pkey; Type: CONSTRAINT; Schema: project; Owner: pms_user
--

ALTER TABLE ONLY project.backlog_items
    ADD CONSTRAINT backlog_items_pkey PRIMARY KEY (id);


--
-- Name: backlogs backlogs_pkey; Type: CONSTRAINT; Schema: project; Owner: pms_user
--

ALTER TABLE ONLY project.backlogs
    ADD CONSTRAINT backlogs_pkey PRIMARY KEY (id);


--
-- Name: deliverables deliverables_pkey; Type: CONSTRAINT; Schema: project; Owner: pms_user
--

ALTER TABLE ONLY project.deliverables
    ADD CONSTRAINT deliverables_pkey PRIMARY KEY (id);


--
-- Name: education_histories education_histories_pkey; Type: CONSTRAINT; Schema: project; Owner: pms_user
--

ALTER TABLE ONLY project.education_histories
    ADD CONSTRAINT education_histories_pkey PRIMARY KEY (id);


--
-- Name: education_roadmaps education_roadmaps_pkey; Type: CONSTRAINT; Schema: project; Owner: pms_user
--

ALTER TABLE ONLY project.education_roadmaps
    ADD CONSTRAINT education_roadmaps_pkey PRIMARY KEY (id);


--
-- Name: education_sessions education_sessions_pkey; Type: CONSTRAINT; Schema: project; Owner: pms_user
--

ALTER TABLE ONLY project.education_sessions
    ADD CONSTRAINT education_sessions_pkey PRIMARY KEY (id);


--
-- Name: educations educations_pkey; Type: CONSTRAINT; Schema: project; Owner: pms_user
--

ALTER TABLE ONLY project.educations
    ADD CONSTRAINT educations_pkey PRIMARY KEY (id);


--
-- Name: epics epics_pkey; Type: CONSTRAINT; Schema: project; Owner: pms_user
--

ALTER TABLE ONLY project.epics
    ADD CONSTRAINT epics_pkey PRIMARY KEY (id);


--
-- Name: features features_pkey; Type: CONSTRAINT; Schema: project; Owner: pms_user
--

ALTER TABLE ONLY project.features
    ADD CONSTRAINT features_pkey PRIMARY KEY (id);


--
-- Name: issues issues_pkey; Type: CONSTRAINT; Schema: project; Owner: pms_user
--

ALTER TABLE ONLY project.issues
    ADD CONSTRAINT issues_pkey PRIMARY KEY (id);


--
-- Name: kpis kpis_pkey; Type: CONSTRAINT; Schema: project; Owner: pms_user
--

ALTER TABLE ONLY project.kpis
    ADD CONSTRAINT kpis_pkey PRIMARY KEY (id);


--
-- Name: meetings meetings_pkey; Type: CONSTRAINT; Schema: project; Owner: pms_user
--

ALTER TABLE ONLY project.meetings
    ADD CONSTRAINT meetings_pkey PRIMARY KEY (id);


--
-- Name: outbox_events outbox_events_pkey; Type: CONSTRAINT; Schema: project; Owner: pms_user
--

ALTER TABLE ONLY project.outbox_events
    ADD CONSTRAINT outbox_events_pkey PRIMARY KEY (id);


--
-- Name: parts parts_pkey; Type: CONSTRAINT; Schema: project; Owner: pms_user
--

ALTER TABLE ONLY project.parts
    ADD CONSTRAINT parts_pkey PRIMARY KEY (id);


--
-- Name: phase_gates phase_gates_pkey; Type: CONSTRAINT; Schema: project; Owner: pms_user
--

ALTER TABLE ONLY project.phase_gates
    ADD CONSTRAINT phase_gates_pkey PRIMARY KEY (id);


--
-- Name: phases phases_pkey; Type: CONSTRAINT; Schema: project; Owner: pms_user
--

ALTER TABLE ONLY project.phases
    ADD CONSTRAINT phases_pkey PRIMARY KEY (id);


--
-- Name: project_members project_members_pkey; Type: CONSTRAINT; Schema: project; Owner: pms_user
--

ALTER TABLE ONLY project.project_members
    ADD CONSTRAINT project_members_pkey PRIMARY KEY (id);


--
-- Name: projects projects_pkey; Type: CONSTRAINT; Schema: project; Owner: pms_user
--

ALTER TABLE ONLY project.projects
    ADD CONSTRAINT projects_pkey PRIMARY KEY (id);


--
-- Name: requirements requirements_pkey; Type: CONSTRAINT; Schema: project; Owner: pms_user
--

ALTER TABLE ONLY project.requirements
    ADD CONSTRAINT requirements_pkey PRIMARY KEY (id);


--
-- Name: rfps rfps_pkey; Type: CONSTRAINT; Schema: project; Owner: pms_user
--

ALTER TABLE ONLY project.rfps
    ADD CONSTRAINT rfps_pkey PRIMARY KEY (id);


--
-- Name: requirements uk_bbc2glmhm0nqq604k5a2miv8u; Type: CONSTRAINT; Schema: project; Owner: pms_user
--

ALTER TABLE ONLY project.requirements
    ADD CONSTRAINT uk_bbc2glmhm0nqq604k5a2miv8u UNIQUE (requirement_code);


--
-- Name: features uk_epic_feature_name; Type: CONSTRAINT; Schema: project; Owner: pms_user
--

ALTER TABLE ONLY project.features
    ADD CONSTRAINT uk_epic_feature_name UNIQUE (epic_id, name);


--
-- Name: wbs_items uk_group_wbs_item_code; Type: CONSTRAINT; Schema: project; Owner: pms_user
--

ALTER TABLE ONLY project.wbs_items
    ADD CONSTRAINT uk_group_wbs_item_code UNIQUE (group_id, code);


--
-- Name: wbs_tasks uk_item_wbs_task_code; Type: CONSTRAINT; Schema: project; Owner: pms_user
--

ALTER TABLE ONLY project.wbs_tasks
    ADD CONSTRAINT uk_item_wbs_task_code UNIQUE (item_id, code);


--
-- Name: outbox_events uk_ndatjktgs02jyasj8s7onvfsb; Type: CONSTRAINT; Schema: project; Owner: pms_user
--

ALTER TABLE ONLY project.outbox_events
    ADD CONSTRAINT uk_ndatjktgs02jyasj8s7onvfsb UNIQUE (idempotency_key);


--
-- Name: wbs_groups uk_phase_wbs_group_code; Type: CONSTRAINT; Schema: project; Owner: pms_user
--

ALTER TABLE ONLY project.wbs_groups
    ADD CONSTRAINT uk_phase_wbs_group_code UNIQUE (phase_id, code);


--
-- Name: wbs_item_story_links uk_wbs_item_story; Type: CONSTRAINT; Schema: project; Owner: pms_user
--

ALTER TABLE ONLY project.wbs_item_story_links
    ADD CONSTRAINT uk_wbs_item_story UNIQUE (wbs_item_id, story_id);


--
-- Name: project_members ukaydweb1re2g5786xaugww4u0; Type: CONSTRAINT; Schema: project; Owner: pms_user
--

ALTER TABLE ONLY project.project_members
    ADD CONSTRAINT ukaydweb1re2g5786xaugww4u0 UNIQUE (project_id, user_id);


--
-- Name: wbs_groups wbs_groups_pkey; Type: CONSTRAINT; Schema: project; Owner: pms_user
--

ALTER TABLE ONLY project.wbs_groups
    ADD CONSTRAINT wbs_groups_pkey PRIMARY KEY (id);


--
-- Name: wbs_item_story_links wbs_item_story_links_pkey; Type: CONSTRAINT; Schema: project; Owner: pms_user
--

ALTER TABLE ONLY project.wbs_item_story_links
    ADD CONSTRAINT wbs_item_story_links_pkey PRIMARY KEY (id);


--
-- Name: wbs_items wbs_items_pkey; Type: CONSTRAINT; Schema: project; Owner: pms_user
--

ALTER TABLE ONLY project.wbs_items
    ADD CONSTRAINT wbs_items_pkey PRIMARY KEY (id);


--
-- Name: wbs_tasks wbs_tasks_pkey; Type: CONSTRAINT; Schema: project; Owner: pms_user
--

ALTER TABLE ONLY project.wbs_tasks
    ADD CONSTRAINT wbs_tasks_pkey PRIMARY KEY (id);


--
-- Name: kanban_columns kanban_columns_pkey; Type: CONSTRAINT; Schema: task; Owner: pms_user
--

ALTER TABLE ONLY task.kanban_columns
    ADD CONSTRAINT kanban_columns_pkey PRIMARY KEY (id);


--
-- Name: sprints sprints_pkey; Type: CONSTRAINT; Schema: task; Owner: pms_user
--

ALTER TABLE ONLY task.sprints
    ADD CONSTRAINT sprints_pkey PRIMARY KEY (id);


--
-- Name: tasks tasks_pkey; Type: CONSTRAINT; Schema: task; Owner: pms_user
--

ALTER TABLE ONLY task.tasks
    ADD CONSTRAINT tasks_pkey PRIMARY KEY (id);


--
-- Name: user_stories user_stories_pkey; Type: CONSTRAINT; Schema: task; Owner: pms_user
--

ALTER TABLE ONLY task.user_stories
    ADD CONSTRAINT user_stories_pkey PRIMARY KEY (id);


--
-- Name: weekly_reports weekly_reports_pkey; Type: CONSTRAINT; Schema: task; Owner: pms_user
--

ALTER TABLE ONLY task.weekly_reports
    ADD CONSTRAINT weekly_reports_pkey PRIMARY KEY (id);


--
-- Name: idx_epics_phase_id; Type: INDEX; Schema: project; Owner: pms_user
--

CREATE INDEX idx_epics_phase_id ON project.epics USING btree (phase_id);


--
-- Name: idx_features_epic_id; Type: INDEX; Schema: project; Owner: pms_user
--

CREATE INDEX idx_features_epic_id ON project.features USING btree (epic_id);


--
-- Name: idx_features_priority; Type: INDEX; Schema: project; Owner: pms_user
--

CREATE INDEX idx_features_priority ON project.features USING btree (priority);


--
-- Name: idx_features_status; Type: INDEX; Schema: project; Owner: pms_user
--

CREATE INDEX idx_features_status ON project.features USING btree (status);


--
-- Name: idx_features_wbs_group_id; Type: INDEX; Schema: project; Owner: pms_user
--

CREATE INDEX idx_features_wbs_group_id ON project.features USING btree (wbs_group_id);


--
-- Name: idx_wbs_groups_linked_epic_id; Type: INDEX; Schema: project; Owner: pms_user
--

CREATE INDEX idx_wbs_groups_linked_epic_id ON project.wbs_groups USING btree (linked_epic_id);


--
-- Name: idx_wbs_groups_order; Type: INDEX; Schema: project; Owner: pms_user
--

CREATE INDEX idx_wbs_groups_order ON project.wbs_groups USING btree (order_num);


--
-- Name: idx_wbs_groups_phase_id; Type: INDEX; Schema: project; Owner: pms_user
--

CREATE INDEX idx_wbs_groups_phase_id ON project.wbs_groups USING btree (phase_id);


--
-- Name: idx_wbs_groups_status; Type: INDEX; Schema: project; Owner: pms_user
--

CREATE INDEX idx_wbs_groups_status ON project.wbs_groups USING btree (status);


--
-- Name: idx_wbs_items_assignee_id; Type: INDEX; Schema: project; Owner: pms_user
--

CREATE INDEX idx_wbs_items_assignee_id ON project.wbs_items USING btree (assignee_id);


--
-- Name: idx_wbs_items_group_id; Type: INDEX; Schema: project; Owner: pms_user
--

CREATE INDEX idx_wbs_items_group_id ON project.wbs_items USING btree (group_id);


--
-- Name: idx_wbs_items_order; Type: INDEX; Schema: project; Owner: pms_user
--

CREATE INDEX idx_wbs_items_order ON project.wbs_items USING btree (order_num);


--
-- Name: idx_wbs_items_phase_id; Type: INDEX; Schema: project; Owner: pms_user
--

CREATE INDEX idx_wbs_items_phase_id ON project.wbs_items USING btree (phase_id);


--
-- Name: idx_wbs_items_status; Type: INDEX; Schema: project; Owner: pms_user
--

CREATE INDEX idx_wbs_items_status ON project.wbs_items USING btree (status);


--
-- Name: idx_wbs_tasks_assignee_id; Type: INDEX; Schema: project; Owner: pms_user
--

CREATE INDEX idx_wbs_tasks_assignee_id ON project.wbs_tasks USING btree (assignee_id);


--
-- Name: idx_wbs_tasks_group_id; Type: INDEX; Schema: project; Owner: pms_user
--

CREATE INDEX idx_wbs_tasks_group_id ON project.wbs_tasks USING btree (group_id);


--
-- Name: idx_wbs_tasks_item_id; Type: INDEX; Schema: project; Owner: pms_user
--

CREATE INDEX idx_wbs_tasks_item_id ON project.wbs_tasks USING btree (item_id);


--
-- Name: idx_wbs_tasks_linked_task_id; Type: INDEX; Schema: project; Owner: pms_user
--

CREATE INDEX idx_wbs_tasks_linked_task_id ON project.wbs_tasks USING btree (linked_task_id);


--
-- Name: idx_wbs_tasks_phase_id; Type: INDEX; Schema: project; Owner: pms_user
--

CREATE INDEX idx_wbs_tasks_phase_id ON project.wbs_tasks USING btree (phase_id);


--
-- Name: idx_wbs_tasks_status; Type: INDEX; Schema: project; Owner: pms_user
--

CREATE INDEX idx_wbs_tasks_status ON project.wbs_tasks USING btree (status);


--
-- Name: idx_wis_links_story_id; Type: INDEX; Schema: project; Owner: pms_user
--

CREATE INDEX idx_wis_links_story_id ON project.wbs_item_story_links USING btree (story_id);


--
-- Name: idx_wis_links_wbs_item_id; Type: INDEX; Schema: project; Owner: pms_user
--

CREATE INDEX idx_wis_links_wbs_item_id ON project.wbs_item_story_links USING btree (wbs_item_id);


--
-- Name: idx_user_stories_feature_id; Type: INDEX; Schema: task; Owner: pms_user
--

CREATE INDEX idx_user_stories_feature_id ON task.user_stories USING btree (feature_id);


--
-- Name: idx_user_stories_wbs_item_id; Type: INDEX; Schema: task; Owner: pms_user
--

CREATE INDEX idx_user_stories_wbs_item_id ON task.user_stories USING btree (wbs_item_id);


--
-- Name: role_permissions fkegdk29eiy7mdtefy5c7eirr6e; Type: FK CONSTRAINT; Schema: auth; Owner: pms_user
--

ALTER TABLE ONLY auth.role_permissions
    ADD CONSTRAINT fkegdk29eiy7mdtefy5c7eirr6e FOREIGN KEY (permission_id) REFERENCES auth.permissions(id);


--
-- Name: chat_messages fk3cpkdtwdxndrjhrx3gt9q5ux9; Type: FK CONSTRAINT; Schema: chat; Owner: pms_user
--

ALTER TABLE ONLY chat.chat_messages
    ADD CONSTRAINT fk3cpkdtwdxndrjhrx3gt9q5ux9 FOREIGN KEY (session_id) REFERENCES chat.chat_sessions(id);


--
-- Name: issues fk4j2x3reshuu7qj5svh6eacnpt; Type: FK CONSTRAINT; Schema: project; Owner: pms_user
--

ALTER TABLE ONLY project.issues
    ADD CONSTRAINT fk4j2x3reshuu7qj5svh6eacnpt FOREIGN KEY (project_id) REFERENCES project.projects(id);


--
-- Name: education_roadmaps fk5dq8ve03gtx7ngvgklmjhqfk0; Type: FK CONSTRAINT; Schema: project; Owner: pms_user
--

ALTER TABLE ONLY project.education_roadmaps
    ADD CONSTRAINT fk5dq8ve03gtx7ngvgklmjhqfk0 FOREIGN KEY (education_id) REFERENCES project.educations(id);


--
-- Name: education_sessions fk7mtfidgoh2o9fnk4wumui0idl; Type: FK CONSTRAINT; Schema: project; Owner: pms_user
--

ALTER TABLE ONLY project.education_sessions
    ADD CONSTRAINT fk7mtfidgoh2o9fnk4wumui0idl FOREIGN KEY (education_id) REFERENCES project.educations(id);


--
-- Name: phase_gates fk7uks9k66rxkyycybmcelu3qgy; Type: FK CONSTRAINT; Schema: project; Owner: pms_user
--

ALTER TABLE ONLY project.phase_gates
    ADD CONSTRAINT fk7uks9k66rxkyycybmcelu3qgy FOREIGN KEY (phase_id) REFERENCES project.phases(id);


--
-- Name: backlog_items fk826yfnvgitrmim7317fis8wa0; Type: FK CONSTRAINT; Schema: project; Owner: pms_user
--

ALTER TABLE ONLY project.backlog_items
    ADD CONSTRAINT fk826yfnvgitrmim7317fis8wa0 FOREIGN KEY (epic_id_ref) REFERENCES project.epics(id);


--
-- Name: epics fk_epic_phase; Type: FK CONSTRAINT; Schema: project; Owner: pms_user
--

ALTER TABLE ONLY project.epics
    ADD CONSTRAINT fk_epic_phase FOREIGN KEY (phase_id) REFERENCES project.phases(id) ON DELETE SET NULL;


--
-- Name: features fk_feature_epic; Type: FK CONSTRAINT; Schema: project; Owner: pms_user
--

ALTER TABLE ONLY project.features
    ADD CONSTRAINT fk_feature_epic FOREIGN KEY (epic_id) REFERENCES project.epics(id) ON DELETE CASCADE;


--
-- Name: features fk_feature_wbs_group; Type: FK CONSTRAINT; Schema: project; Owner: pms_user
--

ALTER TABLE ONLY project.features
    ADD CONSTRAINT fk_feature_wbs_group FOREIGN KEY (wbs_group_id) REFERENCES project.wbs_groups(id) ON DELETE SET NULL;


--
-- Name: wbs_groups fk_wbs_group_epic; Type: FK CONSTRAINT; Schema: project; Owner: pms_user
--

ALTER TABLE ONLY project.wbs_groups
    ADD CONSTRAINT fk_wbs_group_epic FOREIGN KEY (linked_epic_id) REFERENCES project.epics(id) ON DELETE SET NULL;


--
-- Name: wbs_groups fk_wbs_group_phase; Type: FK CONSTRAINT; Schema: project; Owner: pms_user
--

ALTER TABLE ONLY project.wbs_groups
    ADD CONSTRAINT fk_wbs_group_phase FOREIGN KEY (phase_id) REFERENCES project.phases(id) ON DELETE CASCADE;


--
-- Name: wbs_items fk_wbs_item_group; Type: FK CONSTRAINT; Schema: project; Owner: pms_user
--

ALTER TABLE ONLY project.wbs_items
    ADD CONSTRAINT fk_wbs_item_group FOREIGN KEY (group_id) REFERENCES project.wbs_groups(id) ON DELETE CASCADE;


--
-- Name: wbs_items fk_wbs_item_phase; Type: FK CONSTRAINT; Schema: project; Owner: pms_user
--

ALTER TABLE ONLY project.wbs_items
    ADD CONSTRAINT fk_wbs_item_phase FOREIGN KEY (phase_id) REFERENCES project.phases(id) ON DELETE CASCADE;


--
-- Name: wbs_tasks fk_wbs_task_group; Type: FK CONSTRAINT; Schema: project; Owner: pms_user
--

ALTER TABLE ONLY project.wbs_tasks
    ADD CONSTRAINT fk_wbs_task_group FOREIGN KEY (group_id) REFERENCES project.wbs_groups(id) ON DELETE CASCADE;


--
-- Name: wbs_tasks fk_wbs_task_item; Type: FK CONSTRAINT; Schema: project; Owner: pms_user
--

ALTER TABLE ONLY project.wbs_tasks
    ADD CONSTRAINT fk_wbs_task_item FOREIGN KEY (item_id) REFERENCES project.wbs_items(id) ON DELETE CASCADE;


--
-- Name: wbs_tasks fk_wbs_task_phase; Type: FK CONSTRAINT; Schema: project; Owner: pms_user
--

ALTER TABLE ONLY project.wbs_tasks
    ADD CONSTRAINT fk_wbs_task_phase FOREIGN KEY (phase_id) REFERENCES project.phases(id) ON DELETE CASCADE;


--
-- Name: wbs_item_story_links fk_wis_link_wbs_item; Type: FK CONSTRAINT; Schema: project; Owner: pms_user
--

ALTER TABLE ONLY project.wbs_item_story_links
    ADD CONSTRAINT fk_wis_link_wbs_item FOREIGN KEY (wbs_item_id) REFERENCES project.wbs_items(id) ON DELETE CASCADE;


--
-- Name: backlog_items fkakluvqav0ismo22t6ryq1c33d; Type: FK CONSTRAINT; Schema: project; Owner: pms_user
--

ALTER TABLE ONLY project.backlog_items
    ADD CONSTRAINT fkakluvqav0ismo22t6ryq1c33d FOREIGN KEY (requirement_id) REFERENCES project.requirements(id);


--
-- Name: backlog_items fkaxepsnspse4d7q4x73bk9kos2; Type: FK CONSTRAINT; Schema: project; Owner: pms_user
--

ALTER TABLE ONLY project.backlog_items
    ADD CONSTRAINT fkaxepsnspse4d7q4x73bk9kos2 FOREIGN KEY (backlog_id) REFERENCES project.backlogs(id);


--
-- Name: meetings fkbt3vmcde0efob60esnfkyaeg0; Type: FK CONSTRAINT; Schema: project; Owner: pms_user
--

ALTER TABLE ONLY project.meetings
    ADD CONSTRAINT fkbt3vmcde0efob60esnfkyaeg0 FOREIGN KEY (project_id) REFERENCES project.projects(id);


--
-- Name: requirements fkcauiebj13mq4kuavdv109ga66; Type: FK CONSTRAINT; Schema: project; Owner: pms_user
--

ALTER TABLE ONLY project.requirements
    ADD CONSTRAINT fkcauiebj13mq4kuavdv109ga66 FOREIGN KEY (rfp_id) REFERENCES project.rfps(id);


--
-- Name: deliverables fkcd22r03cehbp5p2jn2mkv34oh; Type: FK CONSTRAINT; Schema: project; Owner: pms_user
--

ALTER TABLE ONLY project.deliverables
    ADD CONSTRAINT fkcd22r03cehbp5p2jn2mkv34oh FOREIGN KEY (phase_id) REFERENCES project.phases(id);


--
-- Name: project_members fkdki1sp2homqsdcvqm9yrix31g; Type: FK CONSTRAINT; Schema: project; Owner: pms_user
--

ALTER TABLE ONLY project.project_members
    ADD CONSTRAINT fkdki1sp2homqsdcvqm9yrix31g FOREIGN KEY (project_id) REFERENCES project.projects(id);


--
-- Name: education_histories fkffc3rfeufwg3lbole9n1ejcs8; Type: FK CONSTRAINT; Schema: project; Owner: pms_user
--

ALTER TABLE ONLY project.education_histories
    ADD CONSTRAINT fkffc3rfeufwg3lbole9n1ejcs8 FOREIGN KEY (session_id) REFERENCES project.education_sessions(id);


--
-- Name: requirement_task_links fkg70pc3ndm2g0dvqgpcub61ey5; Type: FK CONSTRAINT; Schema: project; Owner: pms_user
--

ALTER TABLE ONLY project.requirement_task_links
    ADD CONSTRAINT fkg70pc3ndm2g0dvqgpcub61ey5 FOREIGN KEY (requirement_id) REFERENCES project.requirements(id);


--
-- Name: kpis fknh1feih4rmq1l3scneefwlh66; Type: FK CONSTRAINT; Schema: project; Owner: pms_user
--

ALTER TABLE ONLY project.kpis
    ADD CONSTRAINT fknh1feih4rmq1l3scneefwlh66 FOREIGN KEY (phase_id) REFERENCES project.phases(id);


--
-- Name: part_members fkotdeupkma2mns1044mk6lv7do; Type: FK CONSTRAINT; Schema: project; Owner: pms_user
--

ALTER TABLE ONLY project.part_members
    ADD CONSTRAINT fkotdeupkma2mns1044mk6lv7do FOREIGN KEY (part_id) REFERENCES project.parts(id);


--
-- Name: phases fkp0vs31guyj5itugskrstnrm4y; Type: FK CONSTRAINT; Schema: project; Owner: pms_user
--

ALTER TABLE ONLY project.phases
    ADD CONSTRAINT fkp0vs31guyj5itugskrstnrm4y FOREIGN KEY (project_id) REFERENCES project.projects(id);


--
-- Name: parts fkrjpcnvx0068nwbunx4uoaqd1m; Type: FK CONSTRAINT; Schema: project; Owner: pms_user
--

ALTER TABLE ONLY project.parts
    ADD CONSTRAINT fkrjpcnvx0068nwbunx4uoaqd1m FOREIGN KEY (project_id) REFERENCES project.projects(id);


--
-- Name: user_stories fkhs7f69eg9suwnn7h81anvhutk; Type: FK CONSTRAINT; Schema: task; Owner: pms_user
--

ALTER TABLE ONLY task.user_stories
    ADD CONSTRAINT fkhs7f69eg9suwnn7h81anvhutk FOREIGN KEY (sprint_id) REFERENCES task.sprints(id);


--
-- Name: user_story_requirement_links fkmnaa7l7i1o951c1m6dyg33c2; Type: FK CONSTRAINT; Schema: task; Owner: pms_user
--

ALTER TABLE ONLY task.user_story_requirement_links
    ADD CONSTRAINT fkmnaa7l7i1o951c1m6dyg33c2 FOREIGN KEY (user_story_id) REFERENCES task.user_stories(id);


--
-- Name: tasks fkqgwaiqxymudd3ega3in76ydsi; Type: FK CONSTRAINT; Schema: task; Owner: pms_user
--

ALTER TABLE ONLY task.tasks
    ADD CONSTRAINT fkqgwaiqxymudd3ega3in76ydsi FOREIGN KEY (column_id) REFERENCES task.kanban_columns(id);


--
-- PostgreSQL database dump complete
--

\unrestrict 09R4jehvD3xDRdfkXI3Y4gji4nhRzDA6HAYtAbMHfWVjbu3YsWQZ9yfaUrsnlL8

